Workbook

Sheet output
A1: age_low | B1: age_high | C1: variable | D1: norm_m | E1: norm_sd | F1: norm_n | G1: data_m | H1: data_sd | I1: data_n | J1: t | K1: p | L1: x
A2: 18 | B2: 22 | C2: age | D2: 19.14 | E2: 1.22 | F2: 178 | G2: 21.285714 | H2: 0.75592895 | I2: 7 | J2: 7.1526015 | K2: 0.00015241793 | L2: -6.782054
A3: 18 | B3: 22 | C3: BVMT_t1 | D3: 7.49 | E3: 2.04 | F3: 178 | G3: 9.7142857 | H3: 1.7043362 | I3: 7 | J3: 3.3595582 | K3: 0.012923106 | L3: -2.0695165
A4: 18 | B4: 22 | C4: BVMT_t2 | D4: 10.14 | E4: 1.74 | F4: 178 | G4: 11.428571 | H4: 0.88640526 | I4: 7 | J4: 3.5841542 | K4: 0.0072193945 | L4: -1.6055142
A5: 18 | B5: 22 | C5: BVMT_t3 | D5: 11.1 | E5: 1.16 | F5: 178 | G5: 11.857143 | H5: 0.24397502 | I5: 7 | J5: 5.9739991 | K5: 6.4554659e-06 | L5: -3.4419677
A6: 18 | B6: 22 | C6: BVMT_total_recall | D6: 28.74 | E6: 4.32 | F6: 178 | G6: 33 | H6: 2.5819889 | I6: 7 | J6: 4.1431027 | K6: 0.0038489112 | L6: -2.4066194
A7: 18 | B7: 22 | C7: BVMT_learning | D7: 3.63 | E7: 1.67 | F7: 178 | G7: 2.1428571 | H7: 1.5468863 | I7: 7 | J7: -2.4872063 | K7: 0.043981684 | L7: 1.2109953
A8: 18 | B8: 22 | C8: BVMT_delayed_recall | D8: 10.79 | E8: 1.37 | F8: 178 | G8: 11.857143 | H8: 0.24397502 | I8: 7 | J8: 7.7321512 | K8: 1.7359055e-08 | L8: -6.1432167
A9: 18 | B9: 22 | C9: BVMT_percent_retained | D9: 95.34 | E9: 6.6 | F9: 178 | G9: 100 | H9: 0 | I9: 7 | J9: 9.4200234 | K9: 2.4686153e-17 | L9: -11.923023
A10: 18 | B10: 22 | C10: BVMT_hits | D10: 5.93 | E10: 0.28 | F10: 178 | G10: 5.7142857 | H10: 0.48795004 | I10: 7 | J10: -1.1621408 | K10: 0.28824216 | L10: 0.40296865
A11: 18 | B11: 22 | C11: BVMT_false_alarms | D11: 0.02 | E11: 0.14 | F11: 178 | G11: 0 | H11: 0 | I11: 7 | J11: -1.905952 | K11: 0.058277042 | L11: 0.1793217
A12: 18 | B12: 22 | C12: BVMT_discrimination_index | D12: 5.91 | E12: 0.31 | F12: 178 | G12: 5.7142857 | H12: 0.48795004 | I12: 7 | J12: -1.0528744 | K12: 0.33174098 | L12: 0.29546468
A13: 18 | B13: 22 | C13: BVMT_response_bias | D13: 0.49 | E13: 0.07 | F13: 178 | G13: 0.42857143 | H13: 0.12198751 | I13: 7 | J13: -1.323763 | K13: 0.23261244 | L13: 0.53813283
... A34: 22 | B34: 26 | C34: BVMT_hits | D34: 5.91 | E34: 0.28 | F34: 47 | G34: 5.9090909 | H34: 0.30151134 | I34: 11 | J34: -0.0091217251 | K34: 0.9928479 | L34: 9.979855e-06
A35: 22 | B35: 26 | C35: BVMT_false_alarms | D35: 0 | E35: 0 | F35: 47 | G35: 0 | H35: 0 | I35: 11
A36: 22 | B36: 26 | C36: BVMT_discrimination_index | D36: 5.91 | E36: 0.28 | F36: 47 | G36: 5.9090909 | H36: 0.30151134 | I36: 11 | J36: -0.0091217251 | K36: 0.9928479 | L36: 9.979855e-06
A37: 22 | B37: 26 | C37: BVMT_response_bias | D37: 0.47 | E37: 0.07 | F37: 47 | G37: 0.47727273 | H37: 0.075377836 | I37: 11 | J37: 0.2918952 | K37: 0.77455356 | L37: -0.011366335
A38: 24 | B38: 28 | C38: age | D38: 25.48 | E38: 1.09 | F38: 39 | G38: 26.333333 | H38: 1.4142136 | I38: 9 | J38: 1.6975706 | K38: 0.1195418 | L38: -0.68275403
A39: 24 | B39: 28 | C39: BVMT_t1 | D39: 7.19 | E39: 2.04 | F39: 39 | G39: 9.0555556 | H39: 2.2282903 | I39: 9 | J39: 2.2991195 | K39: 0.041501215 | L39: -1.2430646
A40: 24 | B40: 28 | C40: BVMT_t2 | D40: 9.82 | E40: 1.79 | F40: 39 | G40: 11.111111 | H40: 1.1395662 | I40: 9 | J40: 2.7131936 | K40: 0.01403706 | L40: -1.4113293
A41: 24 | B41: 28 | C41: BVMT_t3 | D41: 10.81 | E41: 1.28 | F41: 39 | G41: 11.833333 | H41: 0.5 | I41: 9 | J41: 3.8737058 | K41: 0.00046303038 | L41: -2.8869871
A42: 24 | B42: 28 | C42: BVMT_total_recall | D42: 27.83 | E42: 4.48 | F42: 39 | G42: 32 | H42: 3.6571847 | I42: 9 | J42: 2.9480923 | K42: 0.010491736 | L42: -1.8980853
A43: 24 | B43: 28 | C43: BVMT_learning | D43: 3.65 | E43: 1.69 | F43: 39 | G43: 2.7777778 | H43: 1.9220938 | I43: 9 | J43: -1.2540848 | K43: 0.23572604 | L43: 0.3159416
A44: 24 | B44: 28 | C44: BVMT_delayed_recall | D44: 10.46 | E44: 1.48 | F44: 39 | G44: 11.722222 | H44: 0.50689688 | I44: 9 | J44: 4.3367017 | K44: 9.9518423e-05 | L44: -3.709807
A45: 24 | B45: 28 | C45: BVMT_percent_retained | D45: 95.08 | E45: 8.04 | F45: 39 | G45: 99.074074 | H45: 1.8373273 | I45: 9 | J45: 2.8015227 | K45: 0.0074183691 | L45: -1.1576827
A46: 24 | B46: 28 | C46: BVMT_hits | D46: 5.89 | E46: 0.3 | F46: 39 | G46: 6 | H46: 0 | I46: 9 | J46: 2.2898326 | K46: 0.027674022 | L46: -0.62850083
A47: 24 | B47: 28 | C47: BVMT_false_alarms | D47: 0 | E47: 0 | F47: 39 | G47: 0 | H47: 0 | I47: 9
A48: 24 | B48: 28 | C48: BVMT_discrimination_index | D48: 5.89 | E48: 0.3 | F48: 39 | G48: 6 | H48: 0 | I48: 9 | J48: 2.2898326 | K48: 0.027674022 | L48: -0.62850083
A49: 24 | B49: 28 | C49: BVMT_response_bias | D49: 0.47 | E49: 0.07 | F49: 39 | G49: 0.5 | H49: 0 | I49: 9 | J49: 2.6764277 | K49: 0.010921857 | L49: -0.9250042
A50: 26 | B50: 30 | C50: age | D50: 28.45 | E50: 1.62 | F50: 42 | G50: 27.6 | H50: 1.5055453 | I50: 10 | J50: -1.5807222 | K50: 0.13564336 | L50: 0.46091256
A51: 26 | B51: 30 | C51: BVMT_t1 | D51: 7.09 | E51: 2.03 | F51: 42 | G51: 8.4 | H51: 2.2705848 | I51: 10 | J51: 1.6722572 | K51: 0.11900669 | L51: -0.58351266
A52: 26 | B52: 30 | C52: BVMT_t2 | D52: 9.72 | E52: 1.8 | F52: 42 | G52: 10.6 | H52: 1.4102797 | I52: 10 | J52: 1.674955 | K52: 0.11247504 | L52: -0.48094336
A53: 26 | B53: 30 | C53: BVMT_t3 | D53: 10.71 | E53: 1.32 | F53: 42 | G53: 11.85 | H53: 0.47434165 | I53: 10 | J53: 4.5067487 | K53: 5.2523137e-05 | L53: -4.0249689
A54: 26 | B54: 30 | C54: BVMT_total_recall | D54: 27.52 | E54: 4.54 | F54: 42 | G54: 30.85 | H54: 3.4322814 | I54: 10 | J54: 2.5777515 | K54: 0.019313784 | L54: -1.3087613
A55: 26 | B55: 30 | C55: BVMT_learning | D55: 3.66 | E55: 1.7 | F55: 42 | G55: 3.45 | H55: 2.060879 | I55: 10 | J55: -0.29892466 | K55: 0.77007652 | L55: 0.013459075
A56: 26 | B56: 30 | C56: BVMT_delayed_recall | D56: 10.35 | E56: 1.52 | F56: 42 | G56: 11.7 | H56: 0.48304589 | I56: 10 | J56: 4.8231866 | K56: 1.6064265e-05 | L56: -4.6508519
A57: 26 | B57: 30 | C57: BVMT_percent_retained | D57: 96.67 | E57: 6.31 | F57: 42 | G57: 98.75 | H57: 2.0126912 | I57: 10 | J57: 1.7881304 | K57: 0.080401023 | L57: -0.3941315
A58: 26 | B58: 30 | C58: BVMT_hits | D58: 5.97 | E58: 0.15 | F58: 42 | G58: 5.9 | H58: 0.31622777 | I58: 10 | J58: -0.68197122 | K58: 0.51076779 | L58: 0.10697926
A59: 26 | B59: 30 | C59: BVMT_false_alarms | D59: 0 | E59: 0 | F59: 42 | G59: 0 | H59: 0 | I59: 10
A60: 26 | B60: 30 | C60: BVMT_discrimination_index | D60: 5.97 | E60: 0.15 | F60: 42 | G60: 5.9 | H60: 0.31622777 | I60: 10 | J60: -0.68197122 | K60: 0.51076779 | L60: 0.10697926
A61: 26 | B61: 30 | C61: BVMT_response_bias | D61: 0.49 | E61: 0.03 | F61: 42 | G61: 0.475 | H61: 0.079056942 | I61: 10 | J61: -0.58997144 | K61: 0.56879987 | L61: 0.085157463
A62: 28 | B62: 32 | C62: age | D62: 30.02 | E62: 1.14 | F62: 40 | G62: 30.083333 | H62: 1.6213537 | I62: 12 | J62: 0.1262744 | K62: 0.90125908 | L62: -0.0022663084
A63: 28 | B63: 32 | C63: BVMT_t1 | D63: 6.99 | E63: 2.03 | F63: 40 | G63: 8.25 | H63: 2.4167973 | I63: 12 | J63: 1.6407072 | K63: 0.12042977 | L63: -0.54605859
A64: 28 | B64: 32 | C64: BVMT_t2 | D64: 9.61 | E64: 1.82 | F64: 40 | G64: 10.666667 | H64: 1.4034589 | I64: 12 | J64: 2.1263377 | K64: 0.0443133 | L64: -0.82337426
A65: 28 | B65: 32 | C65: BVMT_t3 | D65: 10.61 | E65: 1.36 | F65: 40 | G65: 11.916667 | H65: 0.28867513 | I65: 12 | J65: 5.6659469 | K65: 8.1952812e-07 | L65: -6.5796017
A66: 28 | B66: 32 | C66: BVMT_total_recall | D66: 27.22 | E66: 4.59 | F66: 40 | G66: 30.833333 | H66: 3.2844906 | I66: 12 | J66: 3.0261825 | K66: 0.0056355284 | L66: -1.8739443
A67: 28 | B67: 32 | C67: BVMT_learning | D67: 3.66 | E67: 1.71 | F67: 40 | G67: 3.6666667 | H67: 2.3868326 | I67: 12 | J67: 0.0090069534 | K67: 0.99293591 | L67: -1.0918078e-05
A68: 28 | B68: 32 | C68: BVMT_delayed_recall | D68: 10.24 | E68: 1.56 | F68: 40 | G68: 11.75 | H68: 0.58387421 | I68: 12 | J68: 5.0544633 | K68: 6.8926948e-06 | L68: -5.5485024
A69: 28 | B69: 32 | C69: BVMT_percent_retained | D69: 96.33 | E69: 5.36 | F69: 40 | G69: 98.54798 | H69: 2.8930402 | I69: 12 | J69: 1.864103 | K69: 0.070740324 | L69: -0.51810947
A70: 28 | B70: 32 | C70: BVMT_hits | D70: 5.97 | E70: 0.15 | F70: 40 | G70: 5.9166667 | H70: 0.28867513 | I70: 12 | J70: -0.61555537 | K70: 0.54895187 | L70: 0.073333588
A71: 28 | B71: 32 | C71: BVMT_false_alarms | D71: 0 | E71: 0 | F71: 40 | G71: 0 | H71: 0 | I71: 12
A72: 28 | B72: 32 | C72: BVMT_discrimination_index | D72: 5.97 | E72: 0.15 | F72: 40 | G72: 5.9166667 | H72: 0.28867513 | I72: 12 | J72: -0.61555537 | K72: 0.54895187 | L72: 0.073333588
A73: 28 | B73: 32 | C73: BVMT_response_bias | D73: 0.49 | E73: 0.04 | F73: 40 | G73: 0.47916667 | H73: 0.072168784 | I73: 12 | J73: -0.4975769 | K73: 0.6270361 | L73: 0.044883309
A74: 30 | B74: 34 | C74: age | D74: 31.69 | E74: 1.61 | F74: 42 | G74: 31.9 | H74: 1.197219 | I74: 10 | J74: 0.46375586 | K74: 0.64847536 | L74: -0.025586658
A75: 30 | B75: 34 | C75: BVMT_t1 | D75: 6.89 | E75: 2.03 | F75: 42 | G75: 8.35 | H75: 2.0689504 | I75: 10 | J75: 2.0127457 | K75: 0.064617097 | L75: -0.8526443
A76: 30 | B76: 34 | C76: BVMT_t2 | D76: 9.51 | E76: 1.83 | F76: 42 | G76: 11 | H76: 1.5456031 | I76: 10 | J76: 2.6396516 | K76: 0.018100713 | L76: -1.4566772
A77: 30 | B77: 34 | C77: BVMT_t3 | D77: 10.51 | E77: 1.4 | F77: 42 | G77: 11.9 | H77: 0.31622777 | I77: 10 | J77: 5.839168 | K77: 3.8886742e-07 | L77: -6.9892869
A78: 30 | B78: 34 | C78: BVMT_total_recall | D78: 26.92 | E78: 4.64 | F78: 42 | G78: 31.25 | H78: 3.1993923 | I78: 10 | J78: 3.4935028 | K78: 0.0023990362 | L78: -2.5692226
A79: 30 | B79: 34 | C79: BVMT_learning | D79: 3.67 | E79: 1.71 | F79: 42 | G79: 3.55 | H79: 2.0200385 | I79: 10 | J79: -0.17362573 | K79: 0.86499465 | L79: 0.0042707115
A80: 30 | B80: 34 | C80: BVMT_delayed_recall | D80: 10.13 | E80: 1.6 | F80: 42 | G80: 11.8 | H80: 0.63245553 | I80: 10 | J80: 5.2560343 | K80: 5.9632283e-06 | L80: -5.9212423
A81: 30 | B81: 34 | C81: BVMT_percent_retained | D81: 96.2 | E81: 4.74 | F81: 42 | G81: 99.090909 | H81: 2.8747979 | I81: 10 | J81: 2.477669 | K81: 0.021239864 | L81: -1.0837873
A82: 30 | B82: 34 | C82: BVMT_hits | D82: 5.97 | E82: 0.15 | F82: 42 | G82: 6 | H82: 0 | I82: 10 | J82: 1.2961481 | K82: 0.20217332 | L82: -0.15333995
A83: 30 | B83: 34 | C83: BVMT_false_alarms | D83: 0 | E83: 0 | F83: 42 | G83: 0 | H83: 0 | I83: 10
A84: 30 | B84: 34 | C84: BVMT_discrimination_index | D84: 5.97 | E84: 0.15 | F84: 42 | G84: 6 | H84: 0 | I84: 10 | J84: 1.2961481 | K84: 0.20217332 | L84: -0.15333995
A85: 30 | B85: 34 | C85: BVMT_response_bias | D85: 0.49 | E85: 0.03 | F85: 42 | G85: 0.5 | H85: 0 | I85: 10 | J85: 2.1602469 | K85: 0.036650532 | L85: -0.52856935
A86: 32 | B86: 36 | C86: age | D86: 34.18 | E86: 1.41 | F86: 37 | G86: 33.555556 | H86: 1.5092309 | I86: 9 | J86: -1.1273345 | K86: 0.28230214 | L86: 0.24010174
A87: 32 | B87: 36 | C87: BVMT_t1 | D87: 6.79 | E87: 2.03 | F87: 37 | G87: 7.3333333 | H87: 1.7853571 | I87: 9 | J87: 0.79631841 | K87: 0.43960107 | L87: -0.097566134
A88: 32 | B88: 36 | C88: BVMT_t2 | D88: 9.4 | E88: 1.85 | F88: 37 | G88: 11 | H88: 1.5206906 | I88: 9 | J88: 2.7066426 | K88: 0.016715681 | L88: -1.5841751
A89: 32 | B89: 36 | C89: BVMT_t3 | D89: 10.41 | E89: 1.44 | F89: 37 | G89: 11.333333 | H89: 1.6583124 | I89: 9 | J89: 1.535483 | K89: 0.15261279 | L89: -0.50861907
A90: 32 | B90: 36 | C90: BVMT_total_recall | D90: 26.61 | E90: 4.7 | F90: 37 | G90: 29.666667 | H90: 3.8078866 | I90: 9 | J90: 2.0570032 | K90: 0.05803375 | L90: -0.83040261
A91: 32 | B91: 36 | C91: BVMT_learning | D91: 3.67 | E91: 1.72 | F91: 37 | G91: 4.1666667 | H91: 2.0463382 | I91: 9 | J91: 0.67262551 | K91: 0.51517377 | L91: -0.080202121
A92: 32 | B92: 36 | C92: BVMT_delayed_recall | D92: 10.02 | E92: 1.64 | F92: 37 | G92: 11.222222 | H92: 1.7159384 | I92: 9 | J92: 1.9012311 | K92: 0.081922419 | L92: -0.78976963
A93: 32 | B93: 36 | C93: BVMT_percent_retained | D93: 94.36 | E93: 8.52 | F93: 37 | G93: 97.029115 | H93: 6.2712427 | I93: 9 | J93: 1.0607325 | K93: 0.30448858 | L93: -0.16897692
A94: 32 | B94: 36 | C94: BVMT_hits | D94: 5.86 | E94: 0.53 | F94: 37 | G94: 6 | H94: 0 | I94: 9 | J94: 1.6067675 | K94: 0.11684242 | L94: -0.27228848
A95: 32 | B95: 36 | C95: BVMT_false_alarms | D95: 0 | E95: 0 | F95: 37 | G95: 0 | H95: 0 | I95: 9
A96: 32 | B96: 36 | C96: BVMT_discrimination_index | D96: 5.86 | E96: 0.53 | F96: 37 | G96: 6 | H96: 0 | I96: 9 | J96: 1.6067675 | K96: 0.11684242 | L96: -0.27228848
A97: 32 | B97: 36 | C97: BVMT_response_bias | D97: 0.47 | E97: 0.08 | F97: 37 | G97: 0.5 | H97: 0 | I97: 9 | J97: 2.2810359 | K97: 0.028566289 | L97: -0.64016918
A98: 34 | B98: 38 | C98: age | D98: 36.15 | E98: 1.33 | F98: 51 | G98: 36.818182 | H98: 1.5374122 | I98: 11 | J98: 1.3375403 | K98: 0.20327578 | L98: -0.33826412
A99: 34 | B99: 38 | C99: BVMT_t1 | D99: 6.69 | E99: 2.03 | F99: 51 | G99: 7.7727273 | H99: 1.6935707 | I99: 11 | J99: 1.8526553 | K99: 0.08154648 | L99: -0.59590852
A100: 34 | B100: 38 | C100: BVMT_t2 | D100: 9.29 | E100: 1.86 | F100: 51 | G100: 10.909091 | H100: 1.4459976 | I100: 11 | J100: 3.1880892 | K100: 0.0051066302 | L100: -2.0642359
A101: 34 | B101: 38 | C101: BVMT_t3 | D101: 10.32 | E101: 1.48 | F101: 51 | G101: 11 | H101: 1.6733201 | I101: 11 | J101: 1.2467215 | K101: 0.23357267 | L101: -0.28367991
A102: 34 | B102: 38 | C102: BVMT_total_recall | D102: 26.31 | E102: 4.75 | F102: 51 | G102: 29.681818 | H102: 3.7434792 | I102: 11 | J102: 2.5737054 | K102: 0.019283949 | L102: -1.2576213
A103: 34 | B103: 38 | C103: BVMT_learning | D103: 3.68 | E103: 1.73 | F103: 51 | G103: 3.5 | H103: 1.8439089 | I103: 11 | J103: -0.29681187 | K103: 0.77095084 | L103: 0.011623434
A104: 34 | B104: 38 | C104: BVMT_delayed_recall | D104: 9.91 | E104: 1.67 | F104: 51 | G104: 11.181818 | H104: 1.6624188 | I104: 11 | J104: 2.2994198 | K104: 0.036599405 | L104: -1.0948387
A105: 34 | B105: 38 | C105: BVMT_percent_retained | D105: 94.07 | E105: 8.84 | F105: 51 | G105: 98.790979 | H105: 5.6057401 | I105: 11 | J105: 2.253451 | K105: 0.034378782 | L105: -0.82381175
A106: 34 | B106: 38 | C106: BVMT_hits | D106: 5.82 | E106: 0.51 | F106: 51 | G106: 5.9090909 | H106: 0.30151134 | I106: 11 | J106: 0.77065081 | K106: 0.44834264 | L106: -0.064453607
A107: 34 | B107: 38 | C107: BVMT_false_alarms | D107: 0.02 | E107: 0.14 | F107: 51 | G107: 0 | H107: 0 | I107: 11 | J107: -1.0202041 | K107: 0.31254279 | L107: 0.079042705
... A250: 58 | B250: 62 | C250: BVMT_hits | D250: 5.86 | E250: 0.44 | F250: 29 | G250: 5.8333333 | H250: 0.38924947 | I250: 12 | J250: -0.1919403 | K250: 0.84946169 | L250: 0.0044323432
A251: 58 | B251: 62 | C251: BVMT_false_alarms | D251: 0 | E251: 0 | F251: 29 | G251: 0 | H251: 0 | I251: 12
A252: 58 | B252: 62 | C252: BVMT_discrimination_index | D252: 5.86 | E252: 0.44 | F252: 29 | G252: 5.8333333 | H252: 0.38924947 | I252: 12 | J252: -0.1919403 | K252: 0.84946169 | L252: 0.0044323432
A253: 58 | B253: 62 | C253: BVMT_response_bias | D253: 0.47 | E253: 0.08 | F253: 29 | G253: 0.45833333 | H253: 0.097312368 | I253: 12 | J253: -0.36713216 | K253: 0.71792841 | L253: 0.019698014
A254: 60 | B254: 64 | C254: age | D254: 62.3 | E254: 1.54 | F254: 26 | G254: 61.6 | H254: 1.7126977 | I254: 10 | J254: -1.1288139 | K254: 0.27676835 | L254: 0.24598918
A255: 60 | B255: 64 | C255: BVMT_t1 | D255: 5.38 | E255: 2.02 | F255: 26 | G255: 5.2 | H255: 1.2064641 | I255: 10 | J255: -0.32727596 | K255: 0.74594629 | L255: 0.012452543
A256: 60 | B256: 64 | C256: BVMT_t2 | D256: 7.93 | E256: 2.07 | F256: 26 | G256: 9.3 | H256: 1.7669811 | I256: 10 | J256: 1.983579 | K256: 0.061870511 | L256: -0.83021019
A257: 60 | B257: 64 | C257: BVMT_t3 | D257: 9.04 | E257: 2 | F257: 26 | G257: 10.75 | H257: 1.1843892 | I257: 10 | J257: 3.1530505 | K257: 0.0038721331 | L257: -2.2662323
A258: 60 | B258: 64 | C258: BVMT_total_recall | D258: 22.35 | E258: 5.44 | F258: 26 | G258: 25.25 | H258: 3.1906983 | I258: 10 | J258: 1.9749056 | K258: 0.058269801 | L258: -0.72397976
A259: 60 | B259: 64 | C259: BVMT_learning | D259: 3.76 | E259: 1.83 | F259: 26 | G259: 5.55 | H259: 1.6741499 | I259: 10 | J259: 2.7986465 | K259: 0.011952046 | L259: -1.9224863
A260: 60 | B260: 64 | C260: BVMT_delayed_recall | D260: 8.48 | E260: 2.17 | F260: 26 | G260: 10.25 | H260: 1.3794121 | I260: 10 | J260: 2.9044143 | K260: 0.0074376383 | L260: -1.8918129
A261: 60 | B261: 64 | C261: BVMT_percent_retained | D261: 90.66 | E261: 9.54 | F261: 26 | G261: 95.684547 | H261: 10.283503 | I261: 10 | J261: 1.3392609 | K261: 0.19999378 | L261: -0.36049637
A262: 60 | B262: 64 | C262: BVMT_hits | D262: 5.92 | E262: 0.27 | F262: 26 | G262: 5.7 | H262: 0.48304589 | I262: 10 | J262: -1.3607969 | K262: 0.20025137 | L262: 0.45237659
...

Sheet Sheet1
A1: age_low | B1: age_high | C1: variable | D1: x
A2: 18 | B2: 22 | C2: age | D2: -6.782054
A3: 18 | B3: 22 | C3: BVMT_t1 | D3: -2.0695165
A4: 18 | B4: 22 | C4: BVMT_t2 | D4: -1.6055142
A5: 18 | B5: 22 | C5: BVMT_t3 | D5: -3.4419677
A6: 18 | B6: 22 | C6: BVMT_total_recall | D6: -2.4066194
A7: 18 | B7: 22 | C7: BVMT_learning | D7: 1.2109953
A8: 18 | B8: 22 | C8: BVMT_delayed_recall | D8: -6.1432167
A9: 18 | B9: 22 | C9: BVMT_percent_retained | D9: -11.923023
A10: 18 | B10: 22 | C10: BVMT_hits | D10: 0.40296865
A11: 18 | B11: 22 | C11: BVMT_false_alarms | D11: 0.1793217
A12: 18 | B12: 22 | C12: BVMT_discrimination_index | D12: 0.29546468
A13: 18 | B13: 22 | C13: BVMT_response_bias | D13: 0.53813283
... A34: 22 | B34: 26 | C34: BVMT_hits | D34: 9.979855e-06
A35: 22 | B35: 26 | C35: BVMT_false_alarms
A36: 22 | B36: 26 | C36: BVMT_discrimination_index | D36: 9.979855e-06
A37: 22 | B37: 26 | C37: BVMT_response_bias | D37: -0.011366335
A38: 24 | B38: 28 | C38: age | D38: -0.68275403
A39: 24 | B39: 28 | C39: BVMT_t1 | D39: -1.2430646
A40: 24 | B40: 28 | C40: BVMT_t2 | D40: -1.4113293
A41: 24 | B41: 28 | C41: BVMT_t3 | D41: -2.8869871
A42: 24 | B42: 28 | C42: BVMT_total_recall | D42: -1.8980853
A43: 24 | B43: 28 | C43: BVMT_learning | D43: 0.3159416
A44: 24 | B44: 28 | C44: BVMT_delayed_recall | D44: -3.709807
A45: 24 | B45: 28 | C45: BVMT_percent_retained | D45: -1.1576827
A46: 24 | B46: 28 | C46: BVMT_hits | D46: -0.62850083
A47: 24 | B47: 28 | C47: BVMT_false_alarms
A48: 24 | B48: 28 | C48: BVMT_discrimination_index | D48: -0.62850083
A49: 24 | B49: 28 | C49: BVMT_response_bias | D49: -0.9250042
A50: 26 | B50: 30 | C50: age | D50: 0.46091256
A51: 26 | B51: 30 | C51: BVMT_t1 | D51: -0.58351266
A52: 26 | B52: 30 | C52: BVMT_t2 | D52: -0.48094336
A53: 26 | B53: 30 | C53: BVMT_t3 | D53: -4.0249689
A54: 26 | B54: 30 | C54: BVMT_total_recall | D54: -1.3087613
A55: 26 | B55: 30 | C55: BVMT_learning | D55: 0.013459075
A56: 26 | B56: 30 | C56: BVMT_delayed_recall | D56: -4.6508519
A57: 26 | B57: 30 | C57: BVMT_percent_retained | D57: -0.3941315
A58: 26 | B58: 30 | C58: BVMT_hits | D58: 0.10697926
A59: 26 | B59: 30 | C59: BVMT_false_alarms
A60: 26 | B60: 30 | C60: BVMT_discrimination_index | D60: 0.10697926
A61: 26 | B61: 30 | C61: BVMT_response_bias | D61: 0.085157463
A62: 28 | B62: 32 | C62: age | D62: -0.0022663084
A63: 28 | B63: 32 | C63: BVMT_t1 | D63: -0.54605859
A64: 28 | B64: 32 | C64: BVMT_t2 | D64: -0.82337426
A65: 28 | B65: 32 | C65: BVMT_t3 | D65: -6.5796017
A66: 28 | B66: 32 | C66: BVMT_total_recall | D66: -1.8739443
A67: 28 | B67: 32 | C67: BVMT_learning | D67: -1.0918078e-05
A68: 28 | B68: 32 | C68: BVMT_delayed_recall | D68: -5.5485024
A69: 28 | B69: 32 | C69: BVMT_percent_retained | D69: -0.51810947
A70: 28 | B70: 32 | C70: BVMT_hits | D70: 0.073333588
A71: 28 | B71: 32 | C71: BVMT_false_alarms
A72: 28 | B72: 32 | C72: BVMT_discrimination_index | D72: 0.073333588
A73: 28 | B73: 32 | C73: BVMT_response_bias | D73: 0.044883309
A74: 30 | B74: 34 | C74: age | D74: -0.025586658
A75: 30 | B75: 34 | C75: BVMT_t1 | D75: -0.8526443
A76: 30 | B76: 34 | C76: BVMT_t2 | D76: -1.4566772
A77: 30 | B77: 34 | C77: BVMT_t3 | D77: -6.9892869
A78: 30 | B78: 34 | C78: BVMT_total_recall | D78: -2.5692226
A79: 30 | B79: 34 | C79: BVMT_learning | D79: 0.0042707115
A80: 30 | B80: 34 | C80: BVMT_delayed_recall | D80: -5.9212423
A81: 30 | B81: 34 | C81: BVMT_percent_retained | D81: -1.0837873
A82: 30 | B82: 34 | C82: BVMT_hits | D82: -0.15333995
A83: 30 | B83: 34 | C83: BVMT_false_alarms
A84: 30 | B84: 34 | C84: BVMT_discrimination_index | D84: -0.15333995
A85: 30 | B85: 34 | C85: BVMT_response_bias | D85: -0.52856935
A86: 32 | B86: 36 | C86: age | D86: 0.24010174
A87: 32 | B87: 36 | C87: BVMT_t1 | D87: -0.097566134
A88: 32 | B88: 36 | C88: BVMT_t2 | D88: -1.5841751
A89: 32 | B89: 36 | C89: BVMT_t3 | D89: -0.50861907
A90: 32 | B90: 36 | C90: BVMT_total_recall | D90: -0.83040261
A91: 32 | B91: 36 | C91: BVMT_learning | D91: -0.080202121
A92: 32 | B92: 36 | C92: BVMT_delayed_recall | D92: -0.78976963
A93: 32 | B93: 36 | C93: BVMT_percent_retained | D93: -0.16897692
A94: 32 | B94: 36 | C94: BVMT_hits | D94: -0.27228848
A95: 32 | B95: 36 | C95: BVMT_false_alarms
A96: 32 | B96: 36 | C96: BVMT_discrimination_index | D96: -0.27228848
A97: 32 | B97: 36 | C97: BVMT_response_bias | D97: -0.64016918
A98: 34 | B98: 38 | C98: age | D98: -0.33826412
A99: 34 | B99: 38 | C99: BVMT_t1 | D99: -0.59590852
A100: 34 | B100: 38 | C100: BVMT_t2 | D100: -2.0642359
A101: 34 | B101: 38 | C101: BVMT_t3 | D101: -0.28367991
A102: 34 | B102: 38 | C102: BVMT_total_recall | D102: -1.2576213
A103: 34 | B103: 38 | C103: BVMT_learning | D103: 0.011623434
A104: 34 | B104: 38 | C104: BVMT_delayed_recall | D104: -1.0948387
A105: 34 | B105: 38 | C105: BVMT_percent_retained | D105: -0.82381175
A106: 34 | B106: 38 | C106: BVMT_hits | D106: -0.064453607
A107: 34 | B107: 38 | C107: BVMT_false_alarms | D107: 0.079042705
... A250: 58 | B250: 62 | C250: BVMT_hits | D250: 0.0044323432
A251: 58 | B251: 62 | C251: BVMT_false_alarms
A252: 58 | B252: 62 | C252: BVMT_discrimination_index | D252: 0.0044323432
A253: 58 | B253: 62 | C253: BVMT_response_bias | D253: 0.019698014
A254: 60 | B254: 64 | C254: age | D254: 0.24598918
A255: 60 | B255: 64 | C255: BVMT_t1 | D255: 0.012452543
A256: 60 | B256: 64 | C256: BVMT_t2 | D256: -0.83021019
A257: 60 | B257: 64 | C257: BVMT_t3 | D257: -2.2662323
A258: 60 | B258: 64 | C258: BVMT_total_recall | D258: -0.72397976
A259: 60 | B259: 64 | C259: BVMT_learning | D259: -1.9224863
A260: 60 | B260: 64 | C260: BVMT_delayed_recall | D260: -1.8918129
A261: 60 | B261: 64 | C261: BVMT_percent_retained | D261: -0.36049637
A262: 60 | B262: 64 | C262: BVMT_hits | D262: 0.45237659
...

Sheet Sheet2
B2: group | C2: age | D2: BVMT_t1 | E2: BVMT_t2 | F2: BVMT_t3 | G2: BVMT_total_recall | H2: BVMT_learning | I2: BVMT_delayed_recall | J2: BVMT_percent_retained | K2: BVMT_hits | L2: BVMT_false_alarms | M2: BVMT_discrimination_index | N2: BVMT_response_bias
A3: 2 | B3: {=INDIRECT("Sheet1!A"&$A3) & "-" & INDIRECT("Sheet1!B"&$A3)} -> 18-22 | C3: {=ROUND(TRANSPOSE(INDIRECT("Sheet1!D"&$A3&":D"&A3+11))*-1,2)} -> 6.78 | D3: 2.07 | E3: 1.61 | F3: 3.44 | G3: 2.41 | H3: -1.21 | I3: 6.14 | J3: 11.92 | K3: -0.4 | L3: -0.18 | M3: -0.3 | N3: -0.54
A4: =A3+12 -> 14 | B4: {=INDIRECT("Sheet1!A"&$A4) & "-" & INDIRECT("Sheet1!B"&$A4)} -> 20-24 | C4: {=ROUND(TRANSPOSE(INDIRECT("Sheet1!D"&$A4&":D"&A4+11))*-1,2)} -> 0.5 | D4: 2.6 | E4: 3.78 | F4: 5.08 | G4: 4.59 | H4: -0.94 | I4: 0.65 | J4: 0.05 | K4: -0.32 | L4: -0.15 | M4: -0.17 | N4: -0.34
A5: =A4+12 -> 26 | B5: {=INDIRECT("Sheet1!A"&$A5) & "-" & INDIRECT("Sheet1!B"&$A5)} -> 22-26 | C5: {=ROUND(TRANSPOSE(INDIRECT("Sheet1!D"&$A5&":D"&A5+11))*-1,2)} -> -0.02 | D5: 1.61 | E5: 2.27 | F5: 2.86 | G5: 2.55 | H5: -0.51 | I5: 0.71 | J5: 0.01 | K5: 0 | L5: 0 | M5: 0 | N5: 0.01
A6: =A5+12 -> 38 | B6: {=INDIRECT("Sheet1!A"&$A6) & "-" & INDIRECT("Sheet1!B"&$A6)} -> 24-28 | C6: {=ROUND(TRANSPOSE(INDIRECT("Sheet1!D"&$A6&":D"&A6+11))*-1,2)} -> 0.68 | D6: 1.24 | E6: 1.41 | F6: 2.89 | G6: 1.9 | H6: -0.32 | I6: 3.71 | J6: 1.16 | K6: 0.63 | L6: 0 | M6: 0.63 | N6: 0.93
A7: =A6+12 -> 50 | B7: {=INDIRECT("Sheet1!A"&$A7) & "-" & INDIRECT("Sheet1!B"&$A7)} -> 26-30 | C7: {=ROUND(TRANSPOSE(INDIRECT("Sheet1!D"&$A7&":D"&A7+11))*-1,2)} -> -0.46 | D7: 0.58 | E7: 0.48 | F7: 4.02 | G7: 1.31 | H7: -0.01 | I7: 4.65 | J7: 0.39 | K7: -0.11 | L7: 0 | M7: -0.11 | N7: -0.09
A8: =A7+12 -> 62 | B8: {=INDIRECT("Sheet1!A"&$A8) & "-" & INDIRECT("Sheet1!B"&$A8)} -> 28-32 | C8: {=ROUND(TRANSPOSE(INDIRECT("Sheet1!D"&$A8&":D"&A8+11))*-1,2)} -> 0 | D8: 0.55 | E8: 0.82 | F8: 6.58 | G8: 1.87 | H8: 0 | I8: 5.55 | J8: 0.52 | K8: -0.07 | L8: 0 | M8: -0.07 | N8: -0.04
A9: =A8+12 -> 74 | B9: {=INDIRECT("Sheet1!A"&$A9) & "-" & INDIRECT("Sheet1!B"&$A9)} -> 30-34 | C9: {=ROUND(TRANSPOSE(INDIRECT("Sheet1!D"&$A9&":D"&A9+11))*-1,2)} -> 0.03 | D9: 0.85 | E9: 1.46 | F9: 6.99 | G9: 2.57 | H9: 0 | I9: 5.92 | J9: 1.08 | K9: 0.15 | L9: 0 | M9: 0.15 | N9: 0.53
A10: =A9+12 -> 86 | B10: {=INDIRECT("Sheet1!A"&$A10) & "-" & INDIRECT("Sheet1!B"&$A10)} -> 32-36 | C10: {=ROUND(TRANSPOSE(INDIRECT("Sheet1!D"&$A10&":D"&A10+11))*-1,2)} -> -0.24 | D10: 0.1 | E10: 1.58 | F10: 0.51 | G10: 0.83 | H10: 0.08 | I10: 0.79 | J10: 0.17 | K10: 0.27 | L10: 0 | M10: 0.27 | N10: 0.64
A11: =A10+12 -> 98 | B11: {=INDIRECT("Sheet1!A"&$A11) & "-" & INDIRECT("Sheet1!B"&$A11)} -> 34-38 | C11: {=ROUND(TRANSPOSE(INDIRECT("Sheet1!D"&$A11&":D"&A11+11))*-1,2)} -> 0.34 | D11: 0.6 | E11: 2.06 | F11: 0.28 | G11: 1.26 | H11: -0.01 | I11: 1.09 | J11: 0.82 | K11: 0.06 | L11: -0.08 | M11: 0.09 | N11: 0.06
A12: =A11+12 -> 110 | B12: {=INDIRECT("Sheet1!A"&$A12) & "-" & INDIRECT("Sheet1!B"&$A12)} -> 36-40 | C12: {=ROUND(TRANSPOSE(INDIRECT("Sheet1!D"&$A12&":D"&A12+11))*-1,2)} -> -0.01 | D12: 0.74 | E12: 1.35 | F12: 0.14 | G12: 0.93 | H12: -0.05 | I12: 0.73 | J12: 0.68 | K12: 0.03 | L12: -0.12 | M12: 0.08 | N12: 0
A13: =A12+12 -> 122 | B13: {=INDIRECT("Sheet1!A"&$A13) & "-" & INDIRECT("Sheet1!B"&$A13)} -> 38-42 | C13: {=ROUND(TRANSPOSE(INDIRECT("Sheet1!D"&$A13&":D"&A13+11))*-1,2)} -> -0.13 | D13: 0.47 | E13: 1.38 | F13: 2.36 | G13: 1.71 | H13: 0.07 | I13: 6.11 | J13: 6.37 | K13: 0 | L13: -0.14 | M13: 0.03 | N13: 0
A14: =A13+12 -> 134 | B14: {=INDIRECT("Sheet1!A"&$A14) & "-" & INDIRECT("Sheet1!B"&$A14)} -> 40-44 | C14: {=ROUND(TRANSPOSE(INDIRECT("Sheet1!D"&$A14&":D"&A14+11))*-1,2)} -> 0.05 | D14: 0.71 | E14: 1.23 | F14: 10.91 | G14: 2.18 | H14: 0.06 | I14: 14.58 | J14: 4.57 | K14: -0.39 | L14: -22.42 | M14: -0.25 | N14: -0.37
A15: =A14+12 -> 146 | B15: {=INDIRECT("Sheet1!A"&$A15) & "-" & INDIRECT("Sheet1!B"&$A15)} -> 42-46 | C15: {=ROUND(TRANSPOSE(INDIRECT("Sheet1!D"&$A15&":D"&A15+11))*-1,2)} -> -0.21 | D15: 0.55 | E15: 2.49 | F15: 11.18 | G15: 3.05 | H15: 0.13 | I15: 12.97 | J15: 4.05 | K15: -0.18 | L15: -0.17 | M15: -0.02 | N15: -0.19
... A28: =A27+12 -> 302 | B28: {=INDIRECT("Sheet1!A"&$A28) & "-" & INDIRECT("Sheet1!B"&$A28)} -> 68-72 | C28: {=ROUND(TRANSPOSE(INDIRECT("Sheet1!D"&$A28&":D"&A28+11))*-1,2)} -> -3.61 | D28: 0.04 | E28: 0 | F28: 1.01 | G28: 0.12 | H28: 0.26 | I28: 0.36 | J28: 0.01 | K28: 0.08 | L28: -0.96 | M28: 2.03 | N28: -0.06

Sheet master_raw
A1: A010-COG-X-BVM-Form | B1: 1 | C1: A011-COG-X-BVM-Form | D1: 1 | E1: A012-COG-X-BVM-Form | F1: 1 | G1: A013-COG-X-BVM-Form | H1: 1 | I1: A014-COG-X-BVM-Form | J1: 1 | K1: A015-COG-X-BVM-Form | L1: 1 | M1: A016-COG-X-BVM-Form | N1: 1 | O1: A017-COG-X-BVM-Form | P1: 1 | Q1: A018-COG-X-BVM-Form | R1: 1 | S1: A019-COG-X-BVM-Form | T1: 1 | U1: A020-COG-X-BVM-Form | V1: 1 | W1: A021-COG-X-BVM-Form | X1: 1 | Y1: A022-COG-X-BVM-Form | Z1: 1 | AA1: A023-COG-X-BVM-Form | AB1: 1 | AC1: A024-COG-X-BVM-Form | AD1: 1 | AE1: A025-COG-X-BVM-Form | AF1: 1 | AG1: A026-COG-X-BVM-Form | AH1: 1 | AI1: A027-COG-X-BVM-Form | AJ1: 1 | AK1: A028-COG-X-BVM-Form | AL1: 1 | AM1: A029-COG-X-BVM-Form | AN1: 1 | AO1: A030-COG-X-BVM-Form | AP1: 1 | AQ1: A031-COG-X-BVM-Form | AR1: 1 | AS1: A032-COG-X-BVM-Form | AT1: 1 | AU1: A033-COG-X-BVM-Form | AV1: 1 | AW1: A034-COG-X-BVM-Form | AX1: 1 | AY1: A035-COG-X-BVM-Form | AZ1: 1 | BA1: A036-COG-X-BVM-Form | BB1: 1 | BC1: A037-COG-X-BVM-Form | BD1: 1 | BE1: A038-COG-X-BVM-Form | BF1: 1 | BG1: A039-COG-X-BVM-Form | BH1: 1 | BI1: A040-COG-X-BVM-Form | BJ1: 1 | BK1: A041-COG-X-BVM-Form | BL1: 1 | BM1: A042-COG-X-BVM-Form | BN1: 1 | BO1: A043-COG-X-BVM-Form | BP1: 1 | BQ1: A044-COG-X-BVM-Form | BR1: 1 | BS1: A045-COG-X-BVM-Form | BT1: 1 | BU1: A046-COG-X-BVM-Form | BV1: 1 | BW1: A047-COG-X-BVM-Form | BX1: 1 | BY1: A048-COG-X-BVM-Form | BZ1: 1 | CA1: A049-COG-X-BVM-Form | CB1: 1 | CC1: A050-COG-X-BVM-Form | CD1: 1 | CE1: A051-COG-X-BVM-Form | CF1: 1 | CG1: A052-COG-X-BVM-Form | CH1: 1 | CI1: A053-COG-X-BVM-Form | CJ1: 1 | CK1: A054-COG-X-BVM-Form | CL1: 1 | CM1: A055-COG-X-BVM-Form | CN1: 1 | CO1: A056-COG-X-BVM-Form | CP1: 1 | CQ1: A057-COG-X-BVM-Form | CR1: 1 | CS1: A058-COG-X-BVM-Form | CT1: 1 | CU1: A059-COG-X-BVM-Form | CV1: 1 | CW1: A060-COG-X-BVM-Form | CX1: 1 | CY1: A061-COG-X-BVM-Form | CZ1: 1 | DA1: A062-COG-X-BVM-Form | DB1: 1 | DC1: A063-COG-X-BVM-Form | DD1: 1 | DE1: A064-COG-X-BVM-Form | DF1: 1 | DG1: A065-COG-X-BVM-Form | DH1: 1 | DI1: A066-COG-X-BVM-Form | DJ1: 1 | DK1: A067-COG-X-BVM-Form | DL1: 1 | DM1: A068-COG-X-BVM-Form | DN1: 1 | DO1: A069-COG-X-BVM-Form | DP1: 1 | DQ1: A070-COG-X-BVM-Form | DR1: 1 | DS1: A071-COG-X-BVM-Form | DT1: 1 | DU1: A072-COG-X-BVM-Form | DV1: 1 | DW1: A073-COG-X-BVM-Form | DX1: 1 | DY1: A074-COG-X-BVM-Form | DZ1: 1 | EA1: A075-COG-X-BVM-Form | EB1: 1 | EC1: A076-COG-X-BVM-Form | ED1: 1 | EE1: A077-COG-X-BVM-Form | EF1: 1 | EG1: A078-COG-X-BVM-Form | EH1: 1 | EI1: A079-COG-X-BVM-Form | EJ1: 1 | EK1: A080-COG-X-BVM-Form | EL1: 1 | EM1: A081-COG-X-BVM-Form | EN1: 1 | EO1: A082-COG-X-BVM-Form | EP1: 1 | EQ1: A083-COG-X-BVM-Form | ER1: 1 | ES1: A084-COG-X-BVM-Form | ET1: 1 | EU1: A085-COG-X-BVM-Form | EV1: 1 | EW1: A086-COG-X-BVM-Form | EX1: 1 | EY1: A087-COG-X-BVM-Form | EZ1: 1 | FA1: A088-COG-X-BVM-Form | FB1: 1 | FC1: A089-COG-X-BVM-Form | FD1: 1 | FE1: A090-COG-X-BVM-Form | FF1: 1 | FG1: A091-COG-X-BVM-Form | FH1: 1 | FI1: A092-COG-X-BVM-Form | FJ1: 1 | FK1: A093-COG-X-BVM-Form | FL1: 1 | FM1: A094-COG-X-BVM-Form | FN1: 1 | FO1: A095-COG-X-BVM-Form | FP1: 1 | FQ1: A096-COG-X-BVM-Form | FR1: 1 | FS1: A097-COG-X-BVM-Form | FT1: 1 | FU1: A098-COG-X-BVM-Form | FV1: 1 | FW1: A099-COG-X-BVM-Form | FX1: 1 | FY1: A100-COG-X-BVM-Form | FZ1: 1 | GA1: A101-COG-X-BVM-Form | GB1: 1 | GC1: A102-COG-X-BVM-Form | GD1: 1 | GE1: A103-COG-X-BVM-Form | GF1: 1 | GG1: A104-COG-X-BVM-Form | GH1: 1 | GI1: A105-COG-X-BVM-Form | GJ1: 1 | GK1: A106-COG-X-BVM-Form | GL1: 1 | GM1: A107-COG-X-BVM-Form | GN1: 1 | GO1: A108-COG-X-BVM-Form | GP1: 1 | GQ1: A109-COG-X-BVM-Form | GR1: 1
A2: A010-COG-X-BVM-T1Ti | B2: 76 | C2: A011-COG-X-BVM-T1Ti | E2: A012-COG-X-BVM-T1Ti | G2: A013-COG-X-BVM-T1Ti | H2: 41 | I2: A014-COG-X-BVM-T1Ti | J2: 26 | K2: A015-COG-X-BVM-T1Ti | L2: 28 | M2: A016-COG-X-BVM-T1Ti | N2: 24 | O2: A017-COG-X-BVM-T1Ti | P2: 20 | Q2: A018-COG-X-BVM-T1Ti | R2: 47 | S2: A019-COG-X-BVM-T1Ti | T2: 36 | U2: A020-COG-X-BVM-T1Ti | V2: 45 | W2: A021-COG-X-BVM-T1Ti | X2: 23 | Y2: A022-COG-X-BVM-T1Ti | Z2: 36 | AA2: A023-COG-X-BVM-T1Ti | AB2: 45 | AC2: A024-COG-X-BVM-T1Ti | AD2: 139 | AE2: A025-COG-X-BVM-T1Ti | AF2: 35 | AG2: A026-COG-X-BVM-T1Ti | AH2: 47 | AI2: A027-COG-X-BVM-T1Ti | AJ2: 34 | AK2: A028-COG-X-BVM-T1Ti | AL2: 16 | AM2: A029-COG-X-BVM-T1Ti | AN2: 22 | AO2: A030-COG-X-BVM-T1Ti | AP2: 31 | AQ2: A031-COG-X-BVM-T1Ti | AR2: 50 | AS2: A032-COG-X-BVM-T1Ti | AT2: 61 | AU2: A033-COG-X-BVM-T1Ti | AV2: 47 | AW2: A034-COG-X-BVM-T1Ti | AX2: 39 | AY2: A035-COG-X-BVM-T1Ti | AZ2: 45 | BA2: A036-COG-X-BVM-T1Ti | BB2: 44 | BC2: A037-COG-X-BVM-T1Ti | BD2: 25 | BE2: A038-COG-X-BVM-T1Ti | BF2: 16 | BG2: A039-COG-X-BVM-T1Ti | BH2: 62 | BI2: A040-COG-X-BVM-T1Ti | BJ2: 24 | BK2: A041-COG-X-BVM-T1Ti | BL2: 33 | BM2: A042-COG-X-BVM-T1Ti | BN2: 19 | BO2: A043-COG-X-BVM-T1Ti | BP2: 60 | BQ2: A044-COG-X-BVM-T1Ti | BR2: 40 | BS2: A045-COG-X-BVM-T1Ti | BT2: 58 | BU2: A046-COG-X-BVM-T1Ti | BV2: 40 | BW2: A047-COG-X-BVM-T1Ti | BX2: 33 | BY2: A048-COG-X-BVM-T1Ti | BZ2: 32 | CA2: A049-COG-X-BVM-T1Ti | CB2: 32 | CC2: A050-COG-X-BVM-T1Ti | CD2: 48 | CE2: A051-COG-X-BVM-T1Ti | CF2: 27 | CG2: A052-COG-X-BVM-T1Ti | CH2: 47 | CI2: A053-COG-X-BVM-T1Ti | CJ2: 45 | CK2: A054-COG-X-BVM-T1Ti | CL2: 48 | CM2: A055-COG-X-BVM-T1Ti | CN2: 34 | CO2: A056-COG-X-BVM-T1Ti | CP2: 23 | CQ2: A057-COG-X-BVM-T1Ti | CR2: 43 | CS2: A058-COG-X-BVM-T1Ti | CT2: 35 | CU2: A059-COG-X-BVM-T1Ti | CV2: 61 | CW2: A060-COG-X-BVM-T1Ti | CX2: 65 | CY2: A061-COG-X-BVM-T1Ti | CZ2: 54 | DA2: A062-COG-X-BVM-T1Ti | DB2: 52 | DC2: A063-COG-X-BVM-T1Ti | DD2: 50 | DE2: A064-COG-X-BVM-T1Ti | DF2: 34 | DG2: A065-COG-X-BVM-T1Ti | DH2: 42 | DI2: A066-COG-X-BVM-T1Ti | DJ2: 34 | DK2: A067-COG-X-BVM-T1Ti | DL2: 39 | DM2: A068-COG-X-BVM-T1Ti | DN2: 22 | DO2: A069-COG-X-BVM-T1Ti | DP2: 32 | DQ2: A070-COG-X-BVM-T1Ti | DR2: 37 | DS2: A071-COG-X-BVM-T1Ti | DU2: A072-COG-X-BVM-T1Ti | DV2: 32 | DW2: A073-COG-X-BVM-T1Ti | DX2: 25 | DY2: A074-COG-X-BVM-T1Ti | DZ2: 36 | EA2: A075-COG-X-BVM-T1Ti | EB2: 32 | EC2: A076-COG-X-BVM-T1Ti | ED2: 40 | EE2: A077-COG-X-BVM-T1Ti | EF2: 46 | EG2: A078-COG-X-BVM-T1Ti | EH2: 40 | EI2: A079-COG-X-BVM-T1Ti | EJ2: 71 | EK2: A080-COG-X-BVM-T1Ti | EL2: 41 | EM2: A081-COG-X-BVM-T1Ti | EN2: 46 | EO2: A082-COG-X-BVM-T1Ti | EP2: 50 | EQ2: A083-COG-X-BVM-T1Ti | ER2: 33 | ES2: A084-COG-X-BVM-T1Ti | ET2: 17 | EU2: A085-COG-X-BVM-T1Ti | EV2: 40 | EW2: A086-COG-X-BVM-T1Ti | EX2: 16 | EY2: A087-COG-X-BVM-T1Ti | EZ2: 35 | FA2: A088-COG-X-BVM-T1Ti | FB2: 30 | FC2: A089-COG-X-BVM-T1Ti | FD2: 34 | FE2: A090-COG-X-BVM-T1Ti | FF2: 36 | FG2: A091-COG-X-BVM-T1Ti | FH2: 23 | FI2: A092-COG-X-BVM-T1Ti | FJ2: 25 | FK2: A093-COG-X-BVM-T1Ti | FL2: 52 | FM2: A094-COG-X-BVM-T1Ti | FN2: 60 | FO2: A095-COG-X-BVM-T1Ti | FP2: 39 | FQ2: A096-COG-X-BVM-T1Ti | FR2: 57 | FS2: A097-COG-X-BVM-T1Ti | FT2: 16 | FU2: A098-COG-X-BVM-T1Ti | FV2: 40 | FW2: A099-COG-X-BVM-T1Ti | FX2: 41 | FY2: A100-COG-X-BVM-T1Ti | FZ2: 27 | GA2: A101-COG-X-BVM-T1Ti | GB2: 58 | GC2: A102-COG-X-BVM-T1Ti | GD2: 42 | GE2: A103-COG-X-BVM-T1Ti | GF2: 73 | GG2: A104-COG-X-BVM-T1Ti | GH2: 53 | GI2: A105-COG-X-BVM-T1Ti | GJ2: 23 | GK2: A106-COG-X-BVM-T1Ti | GL2: 70 | GM2: A107-COG-X-BVM-T1Ti | GN2: 34 | GO2: A108-COG-X-BVM-T1Ti | GP2: 47 | GQ2: A109-COG-X-BVM-T1Ti | GR2: 34
A3: A010-COG-X-BVM-T1Sc | B3: 11 | C3: A011-COG-X-BVM-T1Sc | D3: 10 | E3: A012-COG-X-BVM-T1Sc | F3: 8 | G3: A013-COG-X-BVM-T1Sc | H3: 7.5 | I3: A014-COG-X-BVM-T1Sc | J3: 11.5 | K3: A015-COG-X-BVM-T1Sc | L3: 7.5 | M3: A016-COG-X-BVM-T1Sc | N3: 11.5 | O3: A017-COG-X-BVM-T1Sc | P3: 9 | Q3: A018-COG-X-BVM-T1Sc | R3: 9.5 | S3: A019-COG-X-BVM-T1Sc | T3: 8.5 | U3: A020-COG-X-BVM-T1Sc | V3: 8.5 | W3: A021-COG-X-BVM-T1Sc | X3: 10 | Y3: A022-COG-X-BVM-T1Sc | Z3: 6.5 | AA3: A023-COG-X-BVM-T1Sc | AB3: 5 | AC3: A024-COG-X-BVM-T1Sc | AD3: 5 | AE3: A025-COG-X-BVM-T1Sc | AF3: 9 | AG3: A026-COG-X-BVM-T1Sc | AH3: 9.5 | AI3: A027-COG-X-BVM-T1Sc | AJ3: 12 | AK3: A028-COG-X-BVM-T1Sc | AL3: 10 | AM3: A029-COG-X-BVM-T1Sc | AN3: 11.5 | AO3: A030-COG-X-BVM-T1Sc | AP3: 9 | AQ3: A031-COG-X-BVM-T1Sc | AR3: 6 | AS3: A032-COG-X-BVM-T1Sc | AT3: 7.5 | AU3: A033-COG-X-BVM-T1Sc | AV3: 5 | AW3: A034-COG-X-BVM-T1Sc | AX3: 10 | AY3: A035-COG-X-BVM-T1Sc | AZ3: 10 | BA3: A036-COG-X-BVM-T1Sc | BB3: 8.5 | BC3: A037-COG-X-BVM-T1Sc | BD3: 12 | BE3: A038-COG-X-BVM-T1Sc | BF3: 7 | BG3: A039-COG-X-BVM-T1Sc | BH3: 8.5 | BI3: A040-COG-X-BVM-T1Sc | BJ3: 7.5 | BK3: A041-COG-X-BVM-T1Sc | BL3: 8 | BM3: A042-COG-X-BVM-T1Sc | BN3: 5 | BO3: A043-COG-X-BVM-T1Sc | BP3: 7 | BQ3: A044-COG-X-BVM-T1Sc | BR3: 9.5 | BS3: A045-COG-X-BVM-T1Sc | BT3: 7 | BU3: A046-COG-X-BVM-T1Sc | BV3: 9.5 | BW3: A047-COG-X-BVM-T1Sc | BX3: 7 | BY3: A048-COG-X-BVM-T1Sc | BZ3: 9.5 | CA3: A049-COG-X-BVM-T1Sc | CB3: 5.5 | CC3: A050-COG-X-BVM-T1Sc | CD3: 8.5 | CE3: A051-COG-X-BVM-T1Sc | CF3: 4.5 | CG3: A052-COG-X-BVM-T1Sc | CH3: 8 | CI3: A053-COG-X-BVM-T1Sc | CJ3: 8.5 | CK3: A054-COG-X-BVM-T1Sc | CL3: 11.5 | CM3: A055-COG-X-BVM-T1Sc | CN3: 5.5 | CO3: A056-COG-X-BVM-T1Sc | CP3: 7.5 | CQ3: A057-COG-X-BVM-T1Sc | CR3: 8 | CS3: A058-COG-X-BVM-T1Sc | CT3: 6 | CU3: A059-COG-X-BVM-T1Sc | CV3: 9 | CW3: A060-COG-X-BVM-T1Sc | CX3: 9 | CY3: A061-COG-X-BVM-T1Sc | CZ3: 4 | DA3: A062-COG-X-BVM-T1Sc | DB3: 7 | DC3: A063-COG-X-BVM-T1Sc | DD3: 6 | DE3: A064-COG-X-BVM-T1Sc | DF3: 8 | DG3: A065-COG-X-BVM-T1Sc | DH3: 5 | DI3: A066-COG-X-BVM-T1Sc | DJ3: 4 | DK3: A067-COG-X-BVM-T1Sc | DL3: 6 | DM3: A068-COG-X-BVM-T1Sc | DN3: 8 | DO3: A069-COG-X-BVM-T1Sc | DP3: 5.5 | DQ3: A070-COG-X-BVM-T1Sc | DR3: 9.5 | DS3: A071-COG-X-BVM-T1Sc | DT3: 7 | DU3: A072-COG-X-BVM-T1Sc | DV3: 9.5 | DW3: A073-COG-X-BVM-T1Sc | DX3: 5.5 | DY3: A074-COG-X-BVM-T1Sc | DZ3: 8 | EA3: A075-COG-X-BVM-T1Sc | EB3: 7.5 | EC3: A076-COG-X-BVM-T1Sc | ED3: 3.5 | EE3: A077-COG-X-BVM-T1Sc | EF3: 8 | EG3: A078-COG-X-BVM-T1Sc | EH3: 4 | EI3: A079-COG-X-BVM-T1Sc | EJ3: 11 | EK3: A080-COG-X-BVM-T1Sc | EL3: 5.5 | EM3: A081-COG-X-BVM-T1Sc | EN3: 8 | EO3: A082-COG-X-BVM-T1Sc | EP3: 9 | EQ3: A083-COG-X-BVM-T1Sc | ER3: 5.5 | ES3: A084-COG-X-BVM-T1Sc | ET3: 6 | EU3: A085-COG-X-BVM-T1Sc | EV3: 5.5 | EW3: A086-COG-X-BVM-T1Sc | EX3: 5.5 | EY3: A087-COG-X-BVM-T1Sc | EZ3: 9 | FA3: A088-COG-X-BVM-T1Sc | FB3: 2 | FC3: A089-COG-X-BVM-T1Sc | FD3: 6 | FE3: A090-COG-X-BVM-T1Sc | FF3: 2.5 | FG3: A091-COG-X-BVM-T1Sc | FH3: 5 | FI3: A092-COG-X-BVM-T1Sc | FJ3: 5 | FK3: A093-COG-X-BVM-T1Sc | FL3: 7 | FM3: A094-COG-X-BVM-T1Sc | FN3: 4.5 | FO3: A095-COG-X-BVM-T1Sc | FP3: 6.5 | FQ3: A096-COG-X-BVM-T1Sc | FR3: 5 | FS3: A097-COG-X-BVM-T1Sc | FT3: 5.5 | FU3: A098-COG-X-BVM-T1Sc | FV3: 5.5 | FW3: A099-COG-X-BVM-T1Sc | FX3: 5.5 | FY3: A100-COG-X-BVM-T1Sc | FZ3: 2 | GA3: A101-COG-X-BVM-T1Sc | GB3: 5 | GC3: A102-COG-X-BVM-T1Sc | GD3: 10.5 | GE3: A103-COG-X-BVM-T1Sc | GF3: 8 | GG3: A104-COG-X-BVM-T1Sc | GH3: 4.5 | GI3: A105-COG-X-BVM-T1Sc | GJ3: 3 | GK3: A106-COG-X-BVM-T1Sc | GL3: 8 | GM3: A107-COG-X-BVM-T1Sc | GN3: 3.5 | GO3: A108-COG-X-BVM-T1Sc | GP3: 6.5 | GQ3: A109-COG-X-BVM-T1Sc | GR3: 2
A4: A010-COG-X-BVM-T2Ti | B4: 70 | C4: A011-COG-X-BVM-T2Ti | E4: A012-COG-X-BVM-T2Ti | G4: A013-COG-X-BVM-T2Ti | H4: 31 | I4: A014-COG-X-BVM-T2Ti | J4: 38 | K4: A015-COG-X-BVM-T2Ti | L4: 25 | M4: A016-COG-X-BVM-T2Ti | N4: 22 | O4: A017-COG-X-BVM-T2Ti | P4: 26 | Q4: A018-COG-X-BVM-T2Ti | R4: 31 | S4: A019-COG-X-BVM-T2Ti | T4: 31 | U4: A020-COG-X-BVM-T2Ti | V4: 36 | W4: A021-COG-X-BVM-T2Ti | X4: 21 | Y4: A022-COG-X-BVM-T2Ti | Z4: 41 | AA4: A023-COG-X-BVM-T2Ti | AB4: 78 | AC4: A024-COG-X-BVM-T2Ti | AD4: 49 | AE4: A025-COG-X-BVM-T2Ti | AF4: 39 | AG4: A026-COG-X-BVM-T2Ti | AH4: 42 | AI4: A027-COG-X-BVM-T2Ti | AJ4: 28 | AK4: A028-COG-X-BVM-T2Ti | AL4: 17 | AM4: A029-COG-X-BVM-T2Ti | AN4: 26 | AO4: A030-COG-X-BVM-T2Ti | AP4: 24 | AQ4: A031-COG-X-BVM-T2Ti | AR4: 37 | AS4: A032-COG-X-BVM-T2Ti | AT4: 34 | AU4: A033-COG-X-BVM-T2Ti | AV4: 56 | AW4: A034-COG-X-BVM-T2Ti | AX4: 32 | AY4: A035-COG-X-BVM-T2Ti | AZ4: 48 | BA4: A036-COG-X-BVM-T2Ti | BB4: 57 | BC4: A037-COG-X-BVM-T2Ti | BD4: 24 | BE4: A038-COG-X-BVM-T2Ti | BF4: 31 | BG4: A039-COG-X-BVM-T2Ti | BH4: 33 | BI4: A040-COG-X-BVM-T2Ti | BJ4: 26 | BK4: A041-COG-X-BVM-T2Ti | BL4: 19 | BM4: A042-COG-X-BVM-T2Ti | BN4: 36 | BO4: A043-COG-X-BVM-T2Ti | BP4: 54 | BQ4: A044-COG-X-BVM-T2Ti | BR4: 37 | BS4: A045-COG-X-BVM-T2Ti | BT4: 43 | BU4: A046-COG-X-BVM-T2Ti | BV4: 34 | BW4: A047-COG-X-BVM-T2Ti | BX4: 32 | BY4: A048-COG-X-BVM-T2Ti | BZ4: 16 | CA4: A049-COG-X-BVM-T2Ti | CB4: 48 | CC4: A050-COG-X-BVM-T2Ti | CD4: 43 | CE4: A051-COG-X-BVM-T2Ti | CF4: 29 | CG4: A052-COG-X-BVM-T2Ti | CH4: 52 | CI4: A053-COG-X-BVM-T2Ti | CJ4: 55 | CK4: A054-COG-X-BVM-T2Ti | CL4: 34 | CM4: A055-COG-X-BVM-T2Ti | CN4: 40 | CO4: A056-COG-X-BVM-T2Ti | CP4: 25 | CQ4: A057-COG-X-BVM-T2Ti | CR4: 35 | CS4: A058-COG-X-BVM-T2Ti | CT4: 33 | CU4: A059-COG-X-BVM-T2Ti | CV4: 53 | CW4: A060-COG-X-BVM-T2Ti | CX4: 47 | CY4: A061-COG-X-BVM-T2Ti | CZ4: 42 | DA4: A062-COG-X-BVM-T2Ti | DB4: 43 | DC4: A063-COG-X-BVM-T2Ti | DD4: 65 | DE4: A064-COG-X-BVM-T2Ti | DF4: 27 | DG4: A065-COG-X-BVM-T2Ti | DH4: 56 | DI4: A066-COG-X-BVM-T2Ti | DJ4: 20 | DK4: A067-COG-X-BVM-T2Ti | DL4: 34 | DM4: A068-COG-X-BVM-T2Ti | DN4: 25 | DO4: A069-COG-X-BVM-T2Ti | DP4: 36 | DQ4: A070-COG-X-BVM-T2Ti | DR4: 30 | DS4: A071-COG-X-BVM-T2Ti | DU4: A072-COG-X-BVM-T2Ti | DV4: 20 | DW4: A073-COG-X-BVM-T2Ti | DX4: 27 | DY4: A074-COG-X-BVM-T2Ti | DZ4: 32 | EA4: A075-COG-X-BVM-T2Ti | EB4: 50 | EC4: A076-COG-X-BVM-T2Ti | ED4: 36 | EE4: A077-COG-X-BVM-T2Ti | EF4: 32 | EG4: A078-COG-X-BVM-T2Ti | EH4: 45 | EI4: A079-COG-X-BVM-T2Ti | EJ4: 32 | EK4: A080-COG-X-BVM-T2Ti | EL4: 34 | EM4: A081-COG-X-BVM-T2Ti | EN4: 57 | EO4: A082-COG-X-BVM-T2Ti | EP4: 47 | EQ4: A083-COG-X-BVM-T2Ti | ER4: 41 | ES4: A084-COG-X-BVM-T2Ti | ET4: 30 | EU4: A085-COG-X-BVM-T2Ti | EV4: 45 | EW4: A086-COG-X-BVM-T2Ti | EX4: 26 | EY4: A087-COG-X-BVM-T2Ti | EZ4: 38 | FA4: A088-COG-X-BVM-T2Ti | FB4: 37 | FC4: A089-COG-X-BVM-T2Ti | FD4: 30 | FE4: A090-COG-X-BVM-T2Ti | FF4: 31 | FG4: A091-COG-X-BVM-T2Ti | FH4: 41 | FI4: A092-COG-X-BVM-T2Ti | FJ4: 48 | FK4: A093-COG-X-BVM-T2Ti | FL4: 49 | FM4: A094-COG-X-BVM-T2Ti | FN4: 50 | FO4: A095-COG-X-BVM-T2Ti | FP4: 52 | FQ4: A096-COG-X-BVM-T2Ti | FR4: 84 | FS4: A097-COG-X-BVM-T2Ti | FT4: 21 | FU4: A098-COG-X-BVM-T2Ti | FV4: 39 | FW4: A099-COG-X-BVM-T2Ti | FX4: 55 | FY4: A100-COG-X-BVM-T2Ti | FZ4: 25 | GA4: A101-COG-X-BVM-T2Ti | GB4: 82 | GC4: A102-COG-X-BVM-T2Ti | GD4: 41 | GE4: A103-COG-X-BVM-T2Ti | GF4: 72 | GG4: A104-COG-X-BVM-T2Ti | GH4: 65 | GI4: A105-COG-X-BVM-T2Ti | GJ4: 36 | GK4: A106-COG-X-BVM-T2Ti | GL4: 70 | GM4: A107-COG-X-BVM-T2Ti | GN4: 43 | GO4: A108-COG-X-BVM-T2Ti | GP4: 31 | GQ4: A109-COG-X-BVM-T2Ti | GR4: 36
A5: A010-COG-X-BVM-T2Sc | B5: 12 | C5: A011-COG-X-BVM-T2Sc | D5: 12 | E5: A012-COG-X-BVM-T2Sc | F5: 11.5 | G5: A013-COG-X-BVM-T2Sc | H5: 9.5 | I5: A014-COG-X-BVM-T2Sc | J5: 12 | K5: A015-COG-X-BVM-T2Sc | L5: 12 | M5: A016-COG-X-BVM-T2Sc | N5: 11.5 | O5: A017-COG-X-BVM-T2Sc | P5: 11.5 | Q5: A018-COG-X-BVM-T2Sc | R5: 12 | S5: A019-COG-X-BVM-T2Sc | T5: 11.5 | U5: A020-COG-X-BVM-T2Sc | V5: 11 | W5: A021-COG-X-BVM-T2Sc | X5: 11 | Y5: A022-COG-X-BVM-T2Sc | Z5: 9.5 | AA5: A023-COG-X-BVM-T2Sc | AB5: 9 | AC5: A024-COG-X-BVM-T2Sc | AD5: 11.5 | AE5: A025-COG-X-BVM-T2Sc | AF5: 12 | AG5: A026-COG-X-BVM-T2Sc | AH5: 10 | AI5: A027-COG-X-BVM-T2Sc | AJ5: 12 | AK5: A028-COG-X-BVM-T2Sc | AL5: 12 | AM5: A029-COG-X-BVM-T2Sc | AN5: 12 | AO5: A030-COG-X-BVM-T2Sc | AP5: 12 | AQ5: A031-COG-X-BVM-T2Sc | AR5: 12 | AS5: A032-COG-X-BVM-T2Sc | AT5: 12 | AU5: A033-COG-X-BVM-T2Sc | AV5: 9 | AW5: A034-COG-X-BVM-T2Sc | AX5: 12 | AY5: A035-COG-X-BVM-T2Sc | AZ5: 12 | BA5: A036-COG-X-BVM-T2Sc | BB5: 8 | BC5: A037-COG-X-BVM-T2Sc | BD5: 12 | BE5: A038-COG-X-BVM-T2Sc | BF5: 9.5 | BG5: A039-COG-X-BVM-T2Sc | BH5: 11.5 | BI5: A040-COG-X-BVM-T2Sc | BJ5: 8 | BK5: A041-COG-X-BVM-T2Sc | BL5: 12 | BM5: A042-COG-X-BVM-T2Sc | BN5: 11.5 | BO5: A043-COG-X-BVM-T2Sc | BP5: 12 | BQ5: A044-COG-X-BVM-T2Sc | BR5: 10 | BS5: A045-COG-X-BVM-T2Sc | BT5: 11 | BU5: A046-COG-X-BVM-T2Sc | BV5: 11.5 | BW5: A047-COG-X-BVM-T2Sc | BX5: 8.5 | BY5: A048-COG-X-BVM-T2Sc | BZ5: 11.5 | CA5: A049-COG-X-BVM-T2Sc | CB5: 12 | CC5: A050-COG-X-BVM-T2Sc | CD5: 12 | CE5: A051-COG-X-BVM-T2Sc | CF5: 7 | CG5: A052-COG-X-BVM-T2Sc | CH5: 11.5 | CI5: A053-COG-X-BVM-T2Sc | CJ5: 11.5 | CK5: A054-COG-X-BVM-T2Sc | CL5: 12 | CM5: A055-COG-X-BVM-T2Sc | CN5: 7 | CO5: A056-COG-X-BVM-T2Sc | CP5: 11 | CQ5: A057-COG-X-BVM-T2Sc | CR5: 12 | CS5: A058-COG-X-BVM-T2Sc | CT5: 10 | CU5: A059-COG-X-BVM-T2Sc | CV5: 12 | CW5: A060-COG-X-BVM-T2Sc | CX5: 11 | CY5: A061-COG-X-BVM-T2Sc | CZ5: 11.5 | DA5: A062-COG-X-BVM-T2Sc | DB5: 11 | DC5: A063-COG-X-BVM-T2Sc | DD5: 11.5 | DE5: A064-COG-X-BVM-T2Sc | DF5: 12 | DG5: A065-COG-X-BVM-T2Sc | DH5: 7 | DI5: A066-COG-X-BVM-T2Sc | DJ5: 6 | DK5: A067-COG-X-BVM-T2Sc | DL5: 7.5 | DM5: A068-COG-X-BVM-T2Sc | DN5: 11 | DO5: A069-COG-X-BVM-T2Sc | DP5: 11.5 | DQ5: A070-COG-X-BVM-T2Sc | DR5: 11.5 | DS5: A071-COG-X-BVM-T2Sc | DT5: 11 | DU5: A072-COG-X-BVM-T2Sc | DV5: 12 | DW5: A073-COG-X-BVM-T2Sc | DX5: 9 | DY5: A074-COG-X-BVM-T2Sc | DZ5: 10 | EA5: A075-COG-X-BVM-T2Sc | EB5: 9.5 | EC5: A076-COG-X-BVM-T2Sc | ED5: 7.5 | EE5: A077-COG-X-BVM-T2Sc | EF5: 12 | EG5: A078-COG-X-BVM-T2Sc | EH5: 6 | EI5: A079-COG-X-BVM-T2Sc | EJ5: 12 | EK5: A080-COG-X-BVM-T2Sc | EL5: 11.5 | EM5: A081-COG-X-BVM-T2Sc | EN5: 10 | EO5: A082-COG-X-BVM-T2Sc | EP5: 11.5 | EQ5: A083-COG-X-BVM-T2Sc | ER5: 9 | ES5: A084-COG-X-BVM-T2Sc | ET5: 6.5 | EU5: A085-COG-X-BVM-T2Sc | EV5: 9 | EW5: A086-COG-X-BVM-T2Sc | EX5: 12 | EY5: A087-COG-X-BVM-T2Sc | EZ5: 11 | FA5: A088-COG-X-BVM-T2Sc | FB5: 10 | FC5: A089-COG-X-BVM-T2Sc | FD5: 10 | FE5: A090-COG-X-BVM-T2Sc | FF5: 10 | FG5: A091-COG-X-BVM-T2Sc | FH5: 8.5 | FI5: A092-COG-X-BVM-T2Sc | FJ5: 11 | FK5: A093-COG-X-BVM-T2Sc | FL5: 11 | FM5: A094-COG-X-BVM-T2Sc | FN5: 8 | FO5: A095-COG-X-BVM-T2Sc | FP5: 11.5 | FQ5: A096-COG-X-BVM-T2Sc | FR5: 9 | FS5: A097-COG-X-BVM-T2Sc | FT5: 5.5 | FU5: A098-COG-X-BVM-T2Sc | FV5: 9.5 | FW5: A099-COG-X-BVM-T2Sc | FX5: 9 | FY5: A100-COG-X-BVM-T2Sc | FZ5: 3.5 | GA5: A101-COG-X-BVM-T2Sc | GB5: 10.5 | GC5: A102-COG-X-BVM-T2Sc | GD5: 11.5 | GE5: A103-COG-X-BVM-T2Sc | GF5: 7.5 | GG5: A104-COG-X-BVM-T2Sc | GH5: 11.5 | GI5: A105-COG-X-BVM-T2Sc | GJ5: 4.5 | GK5: A106-COG-X-BVM-T2Sc | GL5: 11.5 | GM5: A107-COG-X-BVM-T2Sc | GN5: 6.5 | GO5: A108-COG-X-BVM-T2Sc | GP5: 9 | GQ5: A109-COG-X-BVM-T2Sc | GR5: 3.5
A6: A010-COG-X-BVM-T3Ti | B6: 66 | C6: A011-COG-X-BVM-T3Ti | E6: A012-COG-X-BVM-T3Ti | G6: A013-COG-X-BVM-T3Ti | H6: 35 | I6: A014-COG-X-BVM-T3Ti | J6: 47 | K6: A015-COG-X-BVM-T3Ti | L6: 30 | M6: A016-COG-X-BVM-T3Ti | N6: 21 | O6: A017-COG-X-BVM-T3Ti | P6: 25 | Q6: A018-COG-X-BVM-T3Ti | R6: 32 | S6: A019-COG-X-BVM-T3Ti | T6: 29 | U6: A020-COG-X-BVM-T3Ti | V6: 38 | W6: A021-COG-X-BVM-T3Ti | X6: 28 | Y6: A022-COG-X-BVM-T3Ti | Z6: 24 | AA6: A023-COG-X-BVM-T3Ti | AB6: 71 | AC6: A024-COG-X-BVM-T3Ti | AD6: 49 | AE6: A025-COG-X-BVM-T3Ti | AF6: 55 | AG6: A026-COG-X-BVM-T3Ti | AH6: 34 | AI6: A027-COG-X-BVM-T3Ti | AJ6: 32 | AK6: A028-COG-X-BVM-T3Ti | AL6: 21 | AM6: A029-COG-X-BVM-T3Ti | AN6: 20 | AO6: A030-COG-X-BVM-T3Ti | AP6: 18 | AQ6: A031-COG-X-BVM-T3Ti | AR6: 25 | AS6: A032-COG-X-BVM-T3Ti | AT6: 41 | AU6: A033-COG-X-BVM-T3Ti | AV6: 35 | AW6: A034-COG-X-BVM-T3Ti | AX6: 35 | AY6: A035-COG-X-BVM-T3Ti | AZ6: 36 | BA6: A036-COG-X-BVM-T3Ti | BB6: 61 | BC6: A037-COG-X-BVM-T3Ti | BD6: 25 | BE6: A038-COG-X-BVM-T3Ti | BF6: 33 | BG6: A039-COG-X-BVM-T3Ti | BH6: 31 | BI6: A040-COG-X-BVM-T3Ti | BJ6: 25 | BK6: A041-COG-X-BVM-T3Ti | BL6: 22 | BM6: A042-COG-X-BVM-T3Ti | BN6: 33 | BO6: A043-COG-X-BVM-T3Ti | BP6: 41 | BQ6: A044-COG-X-BVM-T3Ti | BR6: 38 | BS6: A045-COG-X-BVM-T3Ti | BT6: 36 | BU6: A046-COG-X-BVM-T3Ti | BV6: 28 | BW6: A047-COG-X-BVM-T3Ti | BX6: 30 | BY6: A048-COG-X-BVM-T3Ti | BZ6: 14 | CA6: A049-COG-X-BVM-T3Ti | CB6: 39 | CC6: A050-COG-X-BVM-T3Ti | CD6: 27 | CE6: A051-COG-X-BVM-T3Ti | CF6: 35 | CG6: A052-COG-X-BVM-T3Ti | CH6: 58 | CI6: A053-COG-X-BVM-T3Ti | CJ6: 42 | CK6: A054-COG-X-BVM-T3Ti | CL6: 34 | CM6: A055-COG-X-BVM-T3Ti | CN6: 36 | CO6: A056-COG-X-BVM-T3Ti | CP6: 32 | CQ6: A057-COG-X-BVM-T3Ti | CR6: 35 | CS6: A058-COG-X-BVM-T3Ti | CT6: 25 | CU6: A059-COG-X-BVM-T3Ti | CV6: 52 | CW6: A060-COG-X-BVM-T3Ti | CX6: 43 | CY6: A061-COG-X-BVM-T3Ti | CZ6: 37 | DA6: A062-COG-X-BVM-T3Ti | DB6: 23 | DC6: A063-COG-X-BVM-T3Ti | DD6: 35 | DE6: A064-COG-X-BVM-T3Ti | DF6: 28 | DG6: A065-COG-X-BVM-T3Ti | DH6: 44 | DI6: A066-COG-X-BVM-T3Ti | DJ6: 23 | DK6: A067-COG-X-BVM-T3Ti | DL6: 23 | DM6: A068-COG-X-BVM-T3Ti | DN6: 21 | DO6: A069-COG-X-BVM-T3Ti | DP6: 52 | DQ6: A070-COG-X-BVM-T3Ti | DR6: 32 | DS6: A071-COG-X-BVM-T3Ti | DU6: A072-COG-X-BVM-T3Ti | DV6: 17 | DW6: A073-COG-X-BVM-T3Ti | DX6: 30 | DY6: A074-COG-X-BVM-T3Ti | DZ6: 24 | EA6: A075-COG-X-BVM-T3Ti | EB6: 31 | EC6: A076-COG-X-BVM-T3Ti | ED6: 37 | EE6: A077-COG-X-BVM-T3Ti | EF6: 37 | EG6: A078-COG-X-BVM-T3Ti | EH6: 45 | EI6: A079-COG-X-BVM-T3Ti | EJ6: 36 | EK6: A080-COG-X-BVM-T3Ti | EL6: 40 | EM6: A081-COG-X-BVM-T3Ti | EN6: 46 | EO6: A082-COG-X-BVM-T3Ti | EP6: 43 | EQ6: A083-COG-X-BVM-T3Ti | ER6: 39 | ES6: A084-COG-X-BVM-T3Ti | ET6: 30 | EU6: A085-COG-X-BVM-T3Ti | EV6: 45 | EW6: A086-COG-X-BVM-T3Ti | EX6: 26 | EY6: A087-COG-X-BVM-T3Ti | EZ6: 32 | FA6: A088-COG-X-BVM-T3Ti | FB6: 37 | FC6: A089-COG-X-BVM-T3Ti | FD6: 31 | FE6: A090-COG-X-BVM-T3Ti | FF6: 33 | FG6: A091-COG-X-BVM-T3Ti | FH6: 37 | FI6: A092-COG-X-BVM-T3Ti | FJ6: 42 | FK6: A093-COG-X-BVM-T3Ti | FL6: 44 | FM6: A094-COG-X-BVM-T3Ti | FN6: 38 | FO6: A095-COG-X-BVM-T3Ti | FP6: 32 | FQ6: A096-COG-X-BVM-T3Ti | FR6: 73 | FS6: A097-COG-X-BVM-T3Ti | FT6: 30 | FU6: A098-COG-X-BVM-T3Ti | FV6: 38 | FW6: A099-COG-X-BVM-T3Ti | FX6: 45 | FY6: A100-COG-X-BVM-T3Ti | FZ6: 30 | GA6: A101-COG-X-BVM-T3Ti | GB6: 73 | GC6: A102-COG-X-BVM-T3Ti | GD6: 41 | GE6: A103-COG-X-BVM-T3Ti | GF6: 70 | GG6: A104-COG-X-BVM-T3Ti | GH6: 44 | GI6: A105-COG-X-BVM-T3Ti | GJ6: 62 | GK6: A106-COG-X-BVM-T3Ti | GL6: 50 | GM6: A107-COG-X-BVM-T3Ti | GN6: 33 | GO6: A108-COG-X-BVM-T3Ti | GP6: 46 | GQ6: A109-COG-X-BVM-T3Ti | GR6: 39
A7: A010-COG-X-BVM-T3Sc | B7: 12 | C7: A011-COG-X-BVM-T3Sc | D7: 12 | E7: A012-COG-X-BVM-T3Sc | F7: 12 | G7: A013-COG-X-BVM-T3Sc | H7: 11.5 | I7: A014-COG-X-BVM-T3Sc | J7: 12 | K7: A015-COG-X-BVM-T3Sc | L7: 12 | M7: A016-COG-X-BVM-T3Sc | N7: 12 | O7: A017-COG-X-BVM-T3Sc | P7: 12 | Q7: A018-COG-X-BVM-T3Sc | R7: 12 | S7: A019-COG-X-BVM-T3Sc | T7: 11.5 | U7: A020-COG-X-BVM-T3Sc | V7: 12 | W7: A021-COG-X-BVM-T3Sc | X7: 12 | Y7: A022-COG-X-BVM-T3Sc | Z7: 12 | AA7: A023-COG-X-BVM-T3Sc | AB7: 10.5 | AC7: A024-COG-X-BVM-T3Sc | AD7: 12 | AE7: A025-COG-X-BVM-T3Sc | AF7: 12 | AG7: A026-COG-X-BVM-T3Sc | AH7: 12 | AI7: A027-COG-X-BVM-T3Sc | AJ7: 12 | AK7: A028-COG-X-BVM-T3Sc | AL7: 12 | AM7: A029-COG-X-BVM-T3Sc | AN7: 12 | AO7: A030-COG-X-BVM-T3Sc | AP7: 12 | AQ7: A031-COG-X-BVM-T3Sc | AR7: 12 | AS7: A032-COG-X-BVM-T3Sc | AT7: 12 | AU7: A033-COG-X-BVM-T3Sc | AV7: 12 | AW7: A034-COG-X-BVM-T3Sc | AX7: 12 | AY7: A035-COG-X-BVM-T3Sc | AZ7: 12 | BA7: A036-COG-X-BVM-T3Sc | BB7: 12 | BC7: A037-COG-X-BVM-T3Sc | BD7: 12 | BE7: A038-COG-X-BVM-T3Sc | BF7: 11 | BG7: A039-COG-X-BVM-T3Sc | BH7: 12 | BI7: A040-COG-X-BVM-T3Sc | BJ7: 9 | BK7: A041-COG-X-BVM-T3Sc | BL7: 12 | BM7: A042-COG-X-BVM-T3Sc | BN7: 10 | BO7: A043-COG-X-BVM-T3Sc | BP7: 12 | BQ7: A044-COG-X-BVM-T3Sc | BR7: 12 | BS7: A045-COG-X-BVM-T3Sc | BT7: 11 | BU7: A046-COG-X-BVM-T3Sc | BV7: 12 | BW7: A047-COG-X-BVM-T3Sc | BX7: 7 | BY7: A048-COG-X-BVM-T3Sc | BZ7: 12 | CA7: A049-COG-X-BVM-T3Sc | CB7: 12 | CC7: A050-COG-X-BVM-T3Sc | CD7: 12 | CE7: A051-COG-X-BVM-T3Sc | CF7: 11 | CG7: A052-COG-X-BVM-T3Sc | CH7: 12 | CI7: A053-COG-X-BVM-T3Sc | CJ7: 11.5 | CK7: A054-COG-X-BVM-T3Sc | CL7: 12 | CM7: A055-COG-X-BVM-T3Sc | CN7: 11.5 | CO7: A056-COG-X-BVM-T3Sc | CP7: 12 | CQ7: A057-COG-X-BVM-T3Sc | CR7: 12 | CS7: A058-COG-X-BVM-T3Sc | CT7: 12 | CU7: A059-COG-X-BVM-T3Sc | CV7: 12 | CW7: A060-COG-X-BVM-T3Sc | CX7: 11.5 | CY7: A061-COG-X-BVM-T3Sc | CZ7: 11.5 | DA7: A062-COG-X-BVM-T3Sc | DB7: 12 | DC7: A063-COG-X-BVM-T3Sc | DD7: 11.5 | DE7: A064-COG-X-BVM-T3Sc | DF7: 12 | DG7: A065-COG-X-BVM-T3Sc | DH7: 8.5 | DI7: A066-COG-X-BVM-T3Sc | DJ7: 10.5 | DK7: A067-COG-X-BVM-T3Sc | DL7: 11 | DM7: A068-COG-X-BVM-T3Sc | DN7: 12 | DO7: A069-COG-X-BVM-T3Sc | DP7: 11.5 | DQ7: A070-COG-X-BVM-T3Sc | DR7: 11.5 | DS7: A071-COG-X-BVM-T3Sc | DT7: 12 | DU7: A072-COG-X-BVM-T3Sc | DV7: 12 | DW7: A073-COG-X-BVM-T3Sc | DX7: 11 | DY7: A074-COG-X-BVM-T3Sc | DZ7: 12 | EA7: A075-COG-X-BVM-T3Sc | EB7: 11.5 | EC7: A076-COG-X-BVM-T3Sc | ED7: 9.5 | EE7: A077-COG-X-BVM-T3Sc | EF7: 12 | EG7: A078-COG-X-BVM-T3Sc | EH7: 11 | EI7: A079-COG-X-BVM-T3Sc | EJ7: 11.5 | EK7: A080-COG-X-BVM-T3Sc | EL7: 11.5 | EM7: A081-COG-X-BVM-T3Sc | EN7: 12 | EO7: A082-COG-X-BVM-T3Sc | EP7: 12 | EQ7: A083-COG-X-BVM-T3Sc | ER7: 10 | ES7: A084-COG-X-BVM-T3Sc | ET7: 8.5 | EU7: A085-COG-X-BVM-T3Sc | EV7: 12 | EW7: A086-COG-X-BVM-T3Sc | EX7: 11.5 | EY7: A087-COG-X-BVM-T3Sc | EZ7: 12 | FA7: A088-COG-X-BVM-T3Sc | FB7: 12 | FC7: A089-COG-X-BVM-T3Sc | FD7: 12 | FE7: A090-COG-X-BVM-T3Sc | FF7: 11 | FG7: A091-COG-X-BVM-T3Sc | FH7: 11 | FI7: A092-COG-X-BVM-T3Sc | FJ7: 11 | FK7: A093-COG-X-BVM-T3Sc | FL7: 11 | FM7: A094-COG-X-BVM-T3Sc | FN7: 10.5 | FO7: A095-COG-X-BVM-T3Sc | FP7: 11.5 | FQ7: A096-COG-X-BVM-T3Sc | FR7: 11 | FS7: A097-COG-X-BVM-T3Sc | FT7: 7.5 | FU7: A098-COG-X-BVM-T3Sc | FV7: 11.5 | FW7: A099-COG-X-BVM-T3Sc | FX7: 11.5 | FY7: A100-COG-X-BVM-T3Sc | FZ7: 7 | GA7: A101-COG-X-BVM-T3Sc | GB7: 11.5 | GC7: A102-COG-X-BVM-T3Sc | GD7: 12 | GE7: A103-COG-X-BVM-T3Sc | GF7: 11 | GG7: A104-COG-X-BVM-T3Sc | GH7: 12 | GI7: A105-COG-X-BVM-T3Sc | GJ7: 8.5 | GK7: A106-COG-X-BVM-T3Sc | GL7: 12 | GM7: A107-COG-X-BVM-T3Sc | GN7: 8 | GO7: A108-COG-X-BVM-T3Sc | GP7: 11 | GQ7: A109-COG-X-BVM-T3Sc | GR7: 9.5
A8: A010-COG-X-BVM-TDTD | B8: 1320 | C8: A011-COG-X-BVM-TDTD | D8: 1500 | E8: A012-COG-X-BVM-TDTD | F8: 1500 | G8: A013-COG-X-BVM-TDTD | H8: 1200 | I8: A014-COG-X-BVM-TDTD | J8: 1388 | K8: A015-COG-X-BVM-TDTD | L8: 895 | M8: A016-COG-X-BVM-TDTD | N8: 911 | O8: A017-COG-X-BVM-TDTD | P8: 1200 | Q8: A018-COG-X-BVM-TDTD | R8: 1200 | S8: A019-COG-X-BVM-TDTD | T8: 1200 | U8: A020-COG-X-BVM-TDTD | V8: 1150 | W8: A021-COG-X-BVM-TDTD | X8: 1500 | Y8: A022-COG-X-BVM-TDTD | Z8: 931 | AA8: A023-COG-X-BVM-TDTD | AB8: 1260 | AC8: A024-COG-X-BVM-TDTD | AD8: 1080 | AE8: A025-COG-X-BVM-TDTD | AF8: 1320 | AG8: A026-COG-X-BVM-TDTD | AH8: 1200 | AI8: A027-COG-X-BVM-TDTD | AJ8: 1260 | AK8: A028-COG-X-BVM-TDTD | AL8: 1320 | AM8: A029-COG-X-BVM-TDTD | AN8: 1500 | AO8: A030-COG-X-BVM-TDTD | AP8: 1080 | AQ8: A031-COG-X-BVM-TDTD | AR8: 1500 | AS8: A032-COG-X-BVM-TDTD | AT8: 1560 | AU8: A033-COG-X-BVM-TDTD | AV8: 1200 | AW8: A034-COG-X-BVM-TDTD | AX8: 1200 | AY8: A035-COG-X-BVM-TDTD | AZ8: 1560 | BA8: A036-COG-X-BVM-TDTD | BB8: 1250 | BC8: A037-COG-X-BVM-TDTD | BD8: 1200 | BE8: A038-COG-X-BVM-TDTD | BF8: 1320 | BG8: A039-COG-X-BVM-TDTD | BH8: 1440 | BI8: A040-COG-X-BVM-TDTD | BJ8: 1200 | BK8: A041-COG-X-BVM-TDTD | BL8: 1500 | BM8: A042-COG-X-BVM-TDTD | BN8: 1320 | BO8: A043-COG-X-BVM-TDTD | BP8: 1200 | BQ8: A044-COG-X-BVM-TDTD | BR8: 1200 | BS8: A045-COG-X-BVM-TDTD | BT8: 1200 | BU8: A046-COG-X-BVM-TDTD | BV8: 1260 | BW8: A047-COG-X-BVM-TDTD | BX8: 1500 | BY8: A048-COG-X-BVM-TDTD | BZ8: 1500 | CA8: A049-COG-X-BVM-TDTD | CB8: 1260 | CC8: A050-COG-X-BVM-TDTD | CD8: 1080 | CE8: A051-COG-X-BVM-TDTD | CF8: 1620 | CG8: A052-COG-X-BVM-TDTD | CH8: 1140 | CI8: A053-COG-X-BVM-TDTD | CJ8: 1320 | CK8: A054-COG-X-BVM-TDTD | CL8: 1260 | CM8: A055-COG-X-BVM-TDTD | CN8: 1200 | CO8: A056-COG-X-BVM-TDTD | CP8: 1200 | CQ8: A057-COG-X-BVM-TDTD | CR8: 1440 | CS8: A058-COG-X-BVM-TDTD | CT8: 1380 | CU8: A059-COG-X-BVM-TDTD | CV8: 1620 | CW8: A060-COG-X-BVM-TDTD | CX8: 1260 | CY8: A061-COG-X-BVM-TDTD | CZ8: 1140 | DA8: A062-COG-X-BVM-TDTD | DB8: 1260 | DC8: A063-COG-X-BVM-TDTD | DD8: 1200 | DE8: A064-COG-X-BVM-TDTD | DF8: 1380 | DG8: A065-COG-X-BVM-TDTD | DH8: 1560 | DI8: A066-COG-X-BVM-TDTD | DJ8: 1080 | DK8: A067-COG-X-BVM-TDTD | DL8: 1020 | DM8: A068-COG-X-BVM-TDTD | DN8: 1140 | DO8: A069-COG-X-BVM-TDTD | DP8: 1440 | DQ8: A070-COG-X-BVM-TDTD | DR8: 1080 | DS8: A071-COG-X-BVM-TDTD | DT8: 1500 | DU8: A072-COG-X-BVM-TDTD | DV8: 1200 | DW8: A073-COG-X-BVM-TDTD | DX8: 1200 | DY8: A074-COG-X-BVM-TDTD | DZ8: 1200 | EA8: A075-COG-X-BVM-TDTD | EB8: 1260 | EC8: A076-COG-X-BVM-TDTD | ED8: 1500 | EE8: A077-COG-X-BVM-TDTD | EF8: 1500 | EG8: A078-COG-X-BVM-TDTD | EH8: 1080 | EI8: A079-COG-X-BVM-TDTD | EJ8: 1440 | EK8: A080-COG-X-BVM-TDTD | EL8: 1200 | EM8: A081-COG-X-BVM-TDTD | EN8: 1200 | EO8: A082-COG-X-BVM-TDTD | EP8: 1680 | EQ8: A083-COG-X-BVM-TDTD | ER8: 1200 | ES8: A084-COG-X-BVM-TDTD | ET8: 1980 | EU8: A085-COG-X-BVM-TDTD | EV8: 1500 | EW8: A086-COG-X-BVM-TDTD | EX8: 1260 | EY8: A087-COG-X-BVM-TDTD | EZ8: 1260 | FA8: A088-COG-X-BVM-TDTD | FB8: 1620 | FC8: A089-COG-X-BVM-TDTD | FD8: 1260 | FE8: A090-COG-X-BVM-TDTD | FF8: 1320 | FG8: A091-COG-X-BVM-TDTD | FH8: 1260 | FI8: A092-COG-X-BVM-TDTD | FJ8: 1320 | FK8: A093-COG-X-BVM-TDTD | FL8: 1620 | FM8: A094-COG-X-BVM-TDTD | FN8: 1200 | FO8: A095-COG-X-BVM-TDTD | FP8: 1320 | FQ8: A096-COG-X-BVM-TDTD | FR8: 2340 | FS8: A097-COG-X-BVM-TDTD | FT8: 1320 | FU8: A098-COG-X-BVM-TDTD | FV8: 1200 | FW8: A099-COG-X-BVM-TDTD | FX8: 1560 | FY8: A100-COG-X-BVM-TDTD | FZ8: 1500 | GA8: A101-COG-X-BVM-TDTD | GB8: 1500 | GC8: A102-COG-X-BVM-TDTD | GD8: 1620 | GE8: A103-COG-X-BVM-TDTD | GF8: 1500 | GG8: A104-COG-X-BVM-TDTD | GH8: 1200 | GI8: A105-COG-X-BVM-TDTD | GJ8: 1260 | GK8: A106-COG-X-BVM-TDTD | GL8: 1380 | GM8: A107-COG-X-BVM-TDTD | GN8: 1380 | GO8: A108-COG-X-BVM-TDTD | GP8: 1260 | GQ8: A109-COG-X-BVM-TDTD | GR8: 1320
A9: A010-COG-X-BVM-TDTi | B9: 53 | C9: A011-COG-X-BVM-TDTi | E9: A012-COG-X-BVM-TDTi | G9: A013-COG-X-BVM-TDTi | H9: 16 | I9: A014-COG-X-BVM-TDTi | J9: 28 | K9: A015-COG-X-BVM-TDTi | L9: 35 | M9: A016-COG-X-BVM-TDTi | N9: 22 | O9: A017-COG-X-BVM-TDTi | P9: 29 | Q9: A018-COG-X-BVM-TDTi | R9: 44 | S9: A019-COG-X-BVM-TDTi | T9: 22 | U9: A020-COG-X-BVM-TDTi | V9: 41 | W9: A021-COG-X-BVM-TDTi | X9: 19 | Y9: A022-COG-X-BVM-TDTi | Z9: 34 | AA9: A023-COG-X-BVM-TDTi | AB9: 1 | AC9: A024-COG-X-BVM-TDTi | AD9: 45 | AE9: A025-COG-X-BVM-TDTi | AF9: 62 | AG9: A026-COG-X-BVM-TDTi | AH9: 31 | AI9: A027-COG-X-BVM-TDTi | AJ9: 19 | AK9: A028-COG-X-BVM-TDTi | AL9: 20 | AM9: A029-COG-X-BVM-TDTi | AN9: 24 | AO9: A030-COG-X-BVM-TDTi | AP9: 20 | AQ9: A031-COG-X-BVM-TDTi | AR9: 20 | AS9: A032-COG-X-BVM-TDTi | AT9: 25 | AU9: A033-COG-X-BVM-TDTi | AV9: 23 | AW9: A034-COG-X-BVM-TDTi | AX9: 25 | AY9: A035-COG-X-BVM-TDTi | AZ9: 44 | BA9: A036-COG-X-BVM-TDTi | BB9: 58 | BC9: A037-COG-X-BVM-TDTi | BD9: 32 | BE9: A038-COG-X-BVM-TDTi | BF9: 48 | BG9: A039-COG-X-BVM-TDTi | BH9: 41 | BI9: A040-COG-X-BVM-TDTi | BJ9: 31 | BK9: A041-COG-X-BVM-TDTi | BL9: 30 | BM9: A042-COG-X-BVM-TDTi | BN9: 29 | BO9: A043-COG-X-BVM-TDTi | BP9: 29 | BQ9: A044-COG-X-BVM-TDTi | BR9: 27 | BS9: A045-COG-X-BVM-TDTi | BT9: 23 | BU9: A046-COG-X-BVM-TDTi | BV9: 28 | BW9: A047-COG-X-BVM-TDTi | BX9: 18 | BY9: A048-COG-X-BVM-TDTi | BZ9: 15 | CA9: A049-COG-X-BVM-TDTi | CB9: 35 | CC9: A050-COG-X-BVM-TDTi | CD9: 26 | CE9: A051-COG-X-BVM-TDTi | CF9: 31 | CG9: A052-COG-X-BVM-TDTi | CH9: 26 | CI9: A053-COG-X-BVM-TDTi | CJ9: 31 | CK9: A054-COG-X-BVM-TDTi | CL9: 21 | CM9: A055-COG-X-BVM-TDTi | CN9: 51 | CO9: A056-COG-X-BVM-TDTi | CP9: 38 | CQ9: A057-COG-X-BVM-TDTi | CR9: 21 | CS9: A058-COG-X-BVM-TDTi | CT9: 34 | CU9: A059-COG-X-BVM-TDTi | CV9: 40 | CW9: A060-COG-X-BVM-TDTi | CX9: 36 | CY9: A061-COG-X-BVM-TDTi | CZ9: 39 | DA9: A062-COG-X-BVM-TDTi | DB9: 22 | DC9: A063-COG-X-BVM-TDTi | DD9: 30 | DE9: A064-COG-X-BVM-TDTi | DF9: 15 | DG9: A065-COG-X-BVM-TDTi | DH9: 24 | DI9: A066-COG-X-BVM-TDTi | DJ9: 28 | DK9: A067-COG-X-BVM-TDTi | DL9: 26 | DM9: A068-COG-X-BVM-TDTi | DN9: 26 | DO9: A069-COG-X-BVM-TDTi | DP9: 36 | DQ9: A070-COG-X-BVM-TDTi | DR9: 20 | DS9: A071-COG-X-BVM-TDTi | DU9: A072-COG-X-BVM-TDTi | DV9: 25 | DW9: A073-COG-X-BVM-TDTi | DX9: 36 | DY9: A074-COG-X-BVM-TDTi | DZ9: 24 | EA9: A075-COG-X-BVM-TDTi | EB9: 23 | EC9: A076-COG-X-BVM-TDTi | ED9: 25 | EE9: A077-COG-X-BVM-TDTi | EF9: 30 | EG9: A078-COG-X-BVM-TDTi | EH9: 34 | EI9: A079-COG-X-BVM-TDTi | EJ9: 191 | EK9: A080-COG-X-BVM-TDTi | EL9: 25 | EM9: A081-COG-X-BVM-TDTi | EN9: 38 | EO9: A082-COG-X-BVM-TDTi | EP9: 33 | EQ9: A083-COG-X-BVM-TDTi | ER9: 21 | ES9: A084-COG-X-BVM-TDTi | ET9: 36 | EU9: A085-COG-X-BVM-TDTi | EV9: 23 | EW9: A086-COG-X-BVM-TDTi | EX9: 23 | EY9: A087-COG-X-BVM-TDTi | EZ9: 26 | FA9: A088-COG-X-BVM-TDTi | FB9: 30 | FC9: A089-COG-X-BVM-TDTi | FD9: 26 | FE9: A090-COG-X-BVM-TDTi | FF9: 30 | FG9: A091-COG-X-BVM-TDTi | FH9: 22 | FI9: A092-COG-X-BVM-TDTi | FJ9: 61 | FK9: A093-COG-X-BVM-TDTi | FL9: 35 | FM9: A094-COG-X-BVM-TDTi | FN9: 52 | FO9: A095-COG-X-BVM-TDTi | FP9: 30 | FQ9: A096-COG-X-BVM-TDTi | FR9: 103 | FS9: A097-COG-X-BVM-TDTi | FT9: 32 | FU9: A098-COG-X-BVM-TDTi | FV9: 25 | FW9: A099-COG-X-BVM-TDTi | FX9: 76 | FY9: A100-COG-X-BVM-TDTi | FZ9: 24 | GA9: A101-COG-X-BVM-TDTi | GB9: 64 | GC9: A102-COG-X-BVM-TDTi | GD9: 29 | GE9: A103-COG-X-BVM-TDTi | GF9: 58 | GG9: A104-COG-X-BVM-TDTi | GH9: 69 | GI9: A105-COG-X-BVM-TDTi | GJ9: 42 | GK9: A106-COG-X-BVM-TDTi | GL9: 68 | GM9: A107-COG-X-BVM-TDTi | GN9: 41 | GO9: A108-COG-X-BVM-TDTi | GP9: 31 | GQ9: A109-COG-X-BVM-TDTi | GR9: 63
A10: A010-COG-X-BVM-TDSc | B10: 12 | C10: A011-COG-X-BVM-TDSc | D10: 12 | E10: A012-COG-X-BVM-TDSc | F10: 12 | G10: A013-COG-X-BVM-TDSc | H10: 11.5 | I10: A014-COG-X-BVM-TDSc | J10: 12 | K10: A015-COG-X-BVM-TDSc | L10: 12 | M10: A016-COG-X-BVM-TDSc | N10: 12 | O10: A017-COG-X-BVM-TDSc | P10: 12 | Q10: A018-COG-X-BVM-TDSc | R10: 8 | S10: A019-COG-X-BVM-TDSc | T10: 11.5 | U10: A020-COG-X-BVM-TDSc | V10: 12 | W10: A021-COG-X-BVM-TDSc | X10: 12 | Y10: A022-COG-X-BVM-TDSc | Z10: 12 | AA10: A023-COG-X-BVM-TDSc | AB10: 10.5 | AC10: A024-COG-X-BVM-TDSc | AD10: 11.5 | AE10: A025-COG-X-BVM-TDSc | AF10: 12 | AG10: A026-COG-X-BVM-TDSc | AH10: 12 | AI10: A027-COG-X-BVM-TDSc | AJ10: 11.5 | AK10: A028-COG-X-BVM-TDSc | AL10: 11.5 | AM10: A029-COG-X-BVM-TDSc | AN10: 12 | AO10: A030-COG-X-BVM-TDSc | AP10: 12 | AQ10: A031-COG-X-BVM-TDSc | AR10: 12 | AS10: A032-COG-X-BVM-TDSc | AT10: 12 | AU10: A033-COG-X-BVM-TDSc | AV10: 12 | AW10: A034-COG-X-BVM-TDSc | AX10: 12 | AY10: A035-COG-X-BVM-TDSc | AZ10: 12 | BA10: A036-COG-X-BVM-TDSc | BB10: 12 | BC10: A037-COG-X-BVM-TDSc | BD10: 12 | BE10: A038-COG-X-BVM-TDSc | BF10: 10 | BG10: A039-COG-X-BVM-TDSc | BH10: 12 | BI10: A040-COG-X-BVM-TDSc | BJ10: 9 | BK10: A041-COG-X-BVM-TDSc | BL10: 12 | BM10: A042-COG-X-BVM-TDSc | BN10: 12 | BO10: A043-COG-X-BVM-TDSc | BP10: 12 | BQ10: A044-COG-X-BVM-TDSc | BR10: 12 | BS10: A045-COG-X-BVM-TDSc | BT10: 11 | BU10: A046-COG-X-BVM-TDSc | BV10: 12 | BW10: A047-COG-X-BVM-TDSc | BX10: 7 | BY10: A048-COG-X-BVM-TDSc | BZ10: 12 | CA10: A049-COG-X-BVM-TDSc | CB10: 12 | CC10: A050-COG-X-BVM-TDSc | CD10: 12 | CE10: A051-COG-X-BVM-TDSc | CF10: 11.5 | CG10: A052-COG-X-BVM-TDSc | CH10: 12 | CI10: A053-COG-X-BVM-TDSc | CJ10: 11.5 | CK10: A054-COG-X-BVM-TDSc | CL10: 12 | CM10: A055-COG-X-BVM-TDSc | CN10: 11 | CO10: A056-COG-X-BVM-TDSc | CP10: 12 | CQ10: A057-COG-X-BVM-TDSc | CR10: 12 | CS10: A058-COG-X-BVM-TDSc | CT10: 12 | CU10: A059-COG-X-BVM-TDSc | CV10: 12 | CW10: A060-COG-X-BVM-TDSc | CX10: 11.5 | CY10: A061-COG-X-BVM-TDSc | CZ10: 11.5 | DA10: A062-COG-X-BVM-TDSc | DB10: 12 | DC10: A063-COG-X-BVM-TDSc | DD10: 11.5 | DE10: A064-COG-X-BVM-TDSc | DF10: 12 | DG10: A065-COG-X-BVM-TDSc | DH10: 8.5 | DI10: A066-COG-X-BVM-TDSc | DJ10: 10.5 | DK10: A067-COG-X-BVM-TDSc | DL10: 11 | DM10: A068-COG-X-BVM-TDSc | DN10: 12 | DO10: A069-COG-X-BVM-TDSc | DP10: 11.5 | DQ10: A070-COG-X-BVM-TDSc | DR10: 11.5 | DS10: A071-COG-X-BVM-TDSc | DT10: 12 | DU10: A072-COG-X-BVM-TDSc | DV10: 12 | DW10: A073-COG-X-BVM-TDSc | DX10: 10 | DY10: A074-COG-X-BVM-TDSc | DZ10: 12 | EA10: A075-COG-X-BVM-TDSc | EB10: 11.5 | EC10: A076-COG-X-BVM-TDSc | ED10: 7 | EE10: A077-COG-X-BVM-TDSc | EF10: 12 | EG10: A078-COG-X-BVM-TDSc | EH10: 11 | EI10: A079-COG-X-BVM-TDSc | EJ10: 8 | EK10: A080-COG-X-BVM-TDSc | EL10: 11.5 | EM10: A081-COG-X-BVM-TDSc | EN10: 12 | EO10: A082-COG-X-BVM-TDSc | EP10: 11.5 | EQ10: A083-COG-X-BVM-TDSc | ER10: 10 | ES10: A084-COG-X-BVM-TDSc | ET10: 7 | EU10: A085-COG-X-BVM-TDSc | EV10: 12 | EW10: A086-COG-X-BVM-TDSc | EX10: 11.5 | EY10: A087-COG-X-BVM-TDSc | EZ10: 11.5 | FA10: A088-COG-X-BVM-TDSc | FB10: 10 | FC10: A089-COG-X-BVM-TDSc | FD10: 12 | FE10: A090-COG-X-BVM-TDSc | FF10: 11 | FG10: A091-COG-X-BVM-TDSc | FH10: 11 | FI10: A092-COG-X-BVM-TDSc | FJ10: 11 | FK10: A093-COG-X-BVM-TDSc | FL10: 10.5 | FM10: A094-COG-X-BVM-TDSc | FN10: 10 | FO10: A095-COG-X-BVM-TDSc | FP10: 11.5 | FQ10: A096-COG-X-BVM-TDSc | FR10: 7.5 | FS10: A097-COG-X-BVM-TDSc | FT10: 8 | FU10: A098-COG-X-BVM-TDSc | FV10: 11 | FW10: A099-COG-X-BVM-TDSc | FX10: 11 | FY10: A100-COG-X-BVM-TDSc | FZ10: 5 | GA10: A101-COG-X-BVM-TDSc | GB10: 8.5 | GC10: A102-COG-X-BVM-TDSc | GD10: 12 | GE10: A103-COG-X-BVM-TDSc | GF10: 10.5 | GG10: A104-COG-X-BVM-TDSc | GH10: 12 | GI10: A105-COG-X-BVM-TDSc | GJ10: 8.5 | GK10: A106-COG-X-BVM-TDSc | GL10: 12 | GM10: A107-COG-X-BVM-TDSc | GN10: 8.5 | GO10: A108-COG-X-BVM-TDSc | GP10: 11.5 | GQ10: A109-COG-X-BVM-TDSc | GR10: 5.5
A11: A010-COG-X-BVM-Re01 | B11: y | C11: A011-COG-X-BVM-Re01 | D11: y | E11: A012-COG-X-BVM-Re01 | F11: y | G11: A013-COG-X-BVM-Re01 | H11: n | I11: A014-COG-X-BVM-Re01 | J11: y | K11: A015-COG-X-BVM-Re01 | L11: y | M11: A016-COG-X-BVM-Re01 | N11: y | O11: A017-COG-X-BVM-Re01 | P11: y | Q11: A018-COG-X-BVM-Re01 | R11: y | S11: A019-COG-X-BVM-Re01 | T11: y | U11: A020-COG-X-BVM-Re01 | V11: y | W11: A021-COG-X-BVM-Re01 | X11: y | Y11: A022-COG-X-BVM-Re01 | Z11: y | AA11: A023-COG-X-BVM-Re01 | AB11: y | AC11: A024-COG-X-BVM-Re01 | AD11: y | AE11: A025-COG-X-BVM-Re01 | AF11: y | AG11: A026-COG-X-BVM-Re01 | AH11: y | AI11: A027-COG-X-BVM-Re01 | AJ11: y | AK11: A028-COG-X-BVM-Re01 | AL11: y | AM11: A029-COG-X-BVM-Re01 | AN11: y | AO11: A030-COG-X-BVM-Re01 | AP11: y | AQ11: A031-COG-X-BVM-Re01 | AR11: y | AS11: A032-COG-X-BVM-Re01 | AT11: y | AU11: A033-COG-X-BVM-Re01 | AV11: y | AW11: A034-COG-X-BVM-Re01 | AX11: y | AY11: A035-COG-X-BVM-Re01 | AZ11: y | BA11: A036-COG-X-BVM-Re01 | BB11: y | BC11: A037-COG-X-BVM-Re01 | BD11: y | BE11: A038-COG-X-BVM-Re01 | BF11: y | BG11: A039-COG-X-BVM-Re01 | BH11: y | BI11: A040-COG-X-BVM-Re01 | BJ11: y | BK11: A041-COG-X-BVM-Re01 | BL11: y | BM11: A042-COG-X-BVM-Re01 | BN11: y | BO11: A043-COG-X-BVM-Re01 | BP11: y | BQ11: A044-COG-X-BVM-Re01 | BR11: y | BS11: A045-COG-X-BVM-Re01 | BT11: y | BU11: A046-COG-X-BVM-Re01 | BV11: y | BW11: A047-COG-X-BVM-Re01 | BX11: y | BY11: A048-COG-X-BVM-Re01 | BZ11: y | CA11: A049-COG-X-BVM-Re01 | CB11: y | CC11: A050-COG-X-BVM-Re01 | CD11: y | CE11: A051-COG-X-BVM-Re01 | CF11: n | CG11: A052-COG-X-BVM-Re01 | CH11: y | CI11: A053-COG-X-BVM-Re01 | CJ11: y | CK11: A054-COG-X-BVM-Re01 | CL11: y | CM11: A055-COG-X-BVM-Re01 | CN11: y | CO11: A056-COG-X-BVM-Re01 | CP11: y | CQ11: A057-COG-X-BVM-Re01 | CR11: y | CS11: A058-COG-X-BVM-Re01 | CT11: y | CU11: A059-COG-X-BVM-Re01 | CV11: y | CW11: A060-COG-X-BVM-Re01 | CX11: y | CY11: A061-COG-X-BVM-Re01 | CZ11: y | DA11: A062-COG-X-BVM-Re01 | DB11: y | DC11: A063-COG-X-BVM-Re01 | DD11: y | DE11: A064-COG-X-BVM-Re01 | DF11: y | DG11: A065-COG-X-BVM-Re01 | DH11: y | DI11: A066-COG-X-BVM-Re01 | DJ11: y | DK11: A067-COG-X-BVM-Re01 | DL11: y | DM11: A068-COG-X-BVM-Re01 | DN11: y | DO11: A069-COG-X-BVM-Re01 | DP11: y | DQ11: A070-COG-X-BVM-Re01 | DR11: y | DS11: A071-COG-X-BVM-Re01 | DT11: y | DU11: A072-COG-X-BVM-Re01 | DV11: y | DW11: A073-COG-X-BVM-Re01 | DX11: y | DY11: A074-COG-X-BVM-Re01 | DZ11: y | EA11: A075-COG-X-BVM-Re01 | EB11: y | EC11: A076-COG-X-BVM-Re01 | ED11: y | EE11: A077-COG-X-BVM-Re01 | EF11: y | EG11: A078-COG-X-BVM-Re01 | EH11: y | EI11: A079-COG-X-BVM-Re01 | EJ11: y | EK11: A080-COG-X-BVM-Re01 | EL11: y | EM11: A081-COG-X-BVM-Re01 | EN11: n | EO11: A082-COG-X-BVM-Re01 | EP11: y | EQ11: A083-COG-X-BVM-Re01 | ER11: y | ES11: A084-COG-X-BVM-Re01 | ET11: y | EU11: A085-COG-X-BVM-Re01 | EV11: y | EW11: A086-COG-X-BVM-Re01 | EX11: y | EY11: A087-COG-X-BVM-Re01 | EZ11: y | FA11: A088-COG-X-BVM-Re01 | FB11: y | FC11: A089-COG-X-BVM-Re01 | FD11: y | FE11: A090-COG-X-BVM-Re01 | FF11: y | FG11: A091-COG-X-BVM-Re01 | FH11: y | FI11: A092-COG-X-BVM-Re01 | FJ11: y | FK11: A093-COG-X-BVM-Re01 | FL11: y | FM11: A094-COG-X-BVM-Re01 | FN11: y | FO11: A095-COG-X-BVM-Re01 | FP11: y | FQ11: A096-COG-X-BVM-Re01 | FR11: y | FS11: A097-COG-X-BVM-Re01 | FT11: n | FU11: A098-COG-X-BVM-Re01 | FV11: y | FW11: A099-COG-X-BVM-Re01 | FX11: y | FY11: A100-COG-X-BVM-Re01 | FZ11: y | GA11: A101-COG-X-BVM-Re01 | GB11: y | GC11: A102-COG-X-BVM-Re01 | GD11: y | GE11: A103-COG-X-BVM-Re01 | GF11: y | GG11: A104-COG-X-BVM-Re01 | GH11: y | GI11: A105-COG-X-BVM-Re01 | GJ11: y | GK11: A106-COG-X-BVM-Re01 | GL11: y | GM11: A107-COG-X-BVM-Re01 | GN11: y | GO11: A108-COG-X-BVM-Re01 | GP11: y | GQ11: A109-COG-X-BVM-Re01 | GR11: y
A12: A010-COG-X-BVM-Re02 | B12: n | C12: A011-COG-X-BVM-Re02 | D12: n | E12: A012-COG-X-BVM-Re02 | F12: n | G12: A013-COG-X-BVM-Re02 | H12: n | I12: A014-COG-X-BVM-Re02 | J12: n | K12: A015-COG-X-BVM-Re02 | L12: n | M12: A016-COG-X-BVM-Re02 | N12: n | O12: A017-COG-X-BVM-Re02 | P12: n | Q12: A018-COG-X-BVM-Re02 | R12: n | S12: A019-COG-X-BVM-Re02 | T12: n | U12: A020-COG-X-BVM-Re02 | V12: n | W12: A021-COG-X-BVM-Re02 | X12: n | Y12: A022-COG-X-BVM-Re02 | Z12: n | AA12: A023-COG-X-BVM-Re02 | AB12: n | AC12: A024-COG-X-BVM-Re02 | AD12: n | AE12: A025-COG-X-BVM-Re02 | AF12: n | AG12: A026-COG-X-BVM-Re02 | AH12: n | AI12: A027-COG-X-BVM-Re02 | AJ12: n | AK12: A028-COG-X-BVM-Re02 | AL12: n | AM12: A029-COG-X-BVM-Re02 | AN12: n | AO12: A030-COG-X-BVM-Re02 | AP12: n | AQ12: A031-COG-X-BVM-Re02 | AR12: n | AS12: A032-COG-X-BVM-Re02 | AT12: n | AU12: A033-COG-X-BVM-Re02 | AV12: n | AW12: A034-COG-X-BVM-Re02 | AX12: n | AY12: A035-COG-X-BVM-Re02 | AZ12: n | BA12: A036-COG-X-BVM-Re02 | BB12: n | BC12: A037-COG-X-BVM-Re02 | BD12: n | BE12: A038-COG-X-BVM-Re02 | BF12: n | BG12: A039-COG-X-BVM-Re02 | BH12: n | BI12: A040-COG-X-BVM-Re02 | BJ12: n | BK12: A041-COG-X-BVM-Re02 | BL12: n | BM12: A042-COG-X-BVM-Re02 | BN12: n | BO12: A043-COG-X-BVM-Re02 | BP12: n | BQ12: A044-COG-X-BVM-Re02 | BR12: n | BS12: A045-COG-X-BVM-Re02 | BT12: n | BU12: A046-COG-X-BVM-Re02 | BV12: n | BW12: A047-COG-X-BVM-Re02 | BX12: n | BY12: A048-COG-X-BVM-Re02 | BZ12: n | CA12: A049-COG-X-BVM-Re02 | CB12: n | CC12: A050-COG-X-BVM-Re02 | CD12: n | CE12: A051-COG-X-BVM-Re02 | CF12: n | CG12: A052-COG-X-BVM-Re02 | CH12: n | CI12: A053-COG-X-BVM-Re02 | CJ12: n | CK12: A054-COG-X-BVM-Re02 | CL12: n | CM12: A055-COG-X-BVM-Re02 | CN12: n | CO12: A056-COG-X-BVM-Re02 | CP12: n | CQ12: A057-COG-X-BVM-Re02 | CR12: n | CS12: A058-COG-X-BVM-Re02 | CT12: n | CU12: A059-COG-X-BVM-Re02 | CV12: n | CW12: A060-COG-X-BVM-Re02 | CX12: n | CY12: A061-COG-X-BVM-Re02 | CZ12: n | DA12: A062-COG-X-BVM-Re02 | DB12: n | DC12: A063-COG-X-BVM-Re02 | DD12: n | DE12: A064-COG-X-BVM-Re02 | DF12: n | DG12: A065-COG-X-BVM-Re02 | DH12: n | DI12: A066-COG-X-BVM-Re02 | DJ12: n | DK12: A067-COG-X-BVM-Re02 | DL12: n | DM12: A068-COG-X-BVM-Re02 | DN12: n | DO12: A069-COG-X-BVM-Re02 | DP12: n | DQ12: A070-COG-X-BVM-Re02 | DR12: n | DS12: A071-COG-X-BVM-Re02 | DT12: n | DU12: A072-COG-X-BVM-Re02 | DV12: n | DW12: A073-COG-X-BVM-Re02 | DX12: n | DY12: A074-COG-X-BVM-Re02 | DZ12: n | EA12: A075-COG-X-BVM-Re02 | EB12: n | EC12: A076-COG-X-BVM-Re02 | ED12: n | EE12: A077-COG-X-BVM-Re02 | EF12: n | EG12: A078-COG-X-BVM-Re02 | EH12: n | EI12: A079-COG-X-BVM-Re02 | EJ12: n | EK12: A080-COG-X-BVM-Re02 | EL12: n | EM12: A081-COG-X-BVM-Re02 | EN12: n | EO12: A082-COG-X-BVM-Re02 | EP12: n | EQ12: A083-COG-X-BVM-Re02 | ER12: n | ES12: A084-COG-X-BVM-Re02 | ET12: n | EU12: A085-COG-X-BVM-Re02 | EV12: n | EW12: A086-COG-X-BVM-Re02 | EX12: n | EY12: A087-COG-X-BVM-Re02 | EZ12: n | FA12: A088-COG-X-BVM-Re02 | FB12: n | FC12: A089-COG-X-BVM-Re02 | FD12: n | FE12: A090-COG-X-BVM-Re02 | FF12: n | FG12: A091-COG-X-BVM-Re02 | FH12: n | FI12: A092-COG-X-BVM-Re02 | FJ12: n | FK12: A093-COG-X-BVM-Re02 | FL12: n | FM12: A094-COG-X-BVM-Re02 | FN12: n | FO12: A095-COG-X-BVM-Re02 | FP12: n | FQ12: A096-COG-X-BVM-Re02 | FR12: n | FS12: A097-COG-X-BVM-Re02 | FT12: n | FU12: A098-COG-X-BVM-Re02 | FV12: n | FW12: A099-COG-X-BVM-Re02 | FX12: n | FY12: A100-COG-X-BVM-Re02 | FZ12: n | GA12: A101-COG-X-BVM-Re02 | GB12: n | GC12: A102-COG-X-BVM-Re02 | GD12: n | GE12: A103-COG-X-BVM-Re02 | GF12: n | GG12: A104-COG-X-BVM-Re02 | GH12: n | GI12: A105-COG-X-BVM-Re02 | GJ12: n | GK12: A106-COG-X-BVM-Re02 | GL12: n | GM12: A107-COG-X-BVM-Re02 | GN12: n | GO12: A108-COG-X-BVM-Re02 | GP12: n | GQ12: A109-COG-X-BVM-Re02 | GR12: n
A13: A010-COG-X-BVM-Re03 | B13: y | C13: A011-COG-X-BVM-Re03 | D13: y | E13: A012-COG-X-BVM-Re03 | F13: y | G13: A013-COG-X-BVM-Re03 | H13: y | I13: A014-COG-X-BVM-Re03 | J13: y | K13: A015-COG-X-BVM-Re03 | L13: y | M13: A016-COG-X-BVM-Re03 | N13: y | O13: A017-COG-X-BVM-Re03 | P13: y | Q13: A018-COG-X-BVM-Re03 | R13: y | S13: A019-COG-X-BVM-Re03 | T13: y | U13: A020-COG-X-BVM-Re03 | V13: y | W13: A021-COG-X-BVM-Re03 | X13: y | Y13: A022-COG-X-BVM-Re03 | Z13: y | AA13: A023-COG-X-BVM-Re03 | AB13: y | AC13: A024-COG-X-BVM-Re03 | AD13: y | AE13: A025-COG-X-BVM-Re03 | AF13: y | AG13: A026-COG-X-BVM-Re03 | AH13: y | AI13: A027-COG-X-BVM-Re03 | AJ13: y | AK13: A028-COG-X-BVM-Re03 | AL13: y | AM13: A029-COG-X-BVM-Re03 | AN13: y | AO13: A030-COG-X-BVM-Re03 | AP13: y | AQ13: A031-COG-X-BVM-Re03 | AR13: y | AS13: A032-COG-X-BVM-Re03 | AT13: y | AU13: A033-COG-X-BVM-Re03 | AV13: y | AW13: A034-COG-X-BVM-Re03 | AX13: y | AY13: A035-COG-X-BVM-Re03 | AZ13: y | BA13: A036-COG-X-BVM-Re03 | BB13: y | BC13: A037-COG-X-BVM-Re03 | BD13: y | BE13: A038-COG-X-BVM-Re03 | BF13: y | BG13: A039-COG-X-BVM-Re03 | BH13: y | BI13: A040-COG-X-BVM-Re03 | BJ13: y | BK13: A041-COG-X-BVM-Re03 | BL13: y | BM13: A042-COG-X-BVM-Re03 | BN13: y | BO13: A043-COG-X-BVM-Re03 | BP13: y | BQ13: A044-COG-X-BVM-Re03 | BR13: y | BS13: A045-COG-X-BVM-Re03 | BT13: n | BU13: A046-COG-X-BVM-Re03 | BV13: y | BW13: A047-COG-X-BVM-Re03 | BX13: y | BY13: A048-COG-X-BVM-Re03 | BZ13: y | CA13: A049-COG-X-BVM-Re03 | CB13: y | CC13: A050-COG-X-BVM-Re03 | CD13: y | CE13: A051-COG-X-BVM-Re03 | CF13: y | CG13: A052-COG-X-BVM-Re03 | CH13: y | CI13: A053-COG-X-BVM-Re03 | CJ13: y | CK13: A054-COG-X-BVM-Re03 | CL13: y | CM13: A055-COG-X-BVM-Re03 | CN13: y | CO13: A056-COG-X-BVM-Re03 | CP13: y | CQ13: A057-COG-X-BVM-Re03 | CR13: y | CS13: A058-COG-X-BVM-Re03 | CT13: y | CU13: A059-COG-X-BVM-Re03 | CV13: y | CW13: A060-COG-X-BVM-Re03 | CX13: y | CY13: A061-COG-X-BVM-Re03 | CZ13: y | DA13: A062-COG-X-BVM-Re03 | DB13: y | DC13: A063-COG-X-BVM-Re03 | DD13: y | DE13: A064-COG-X-BVM-Re03 | DF13: y | DG13: A065-COG-X-BVM-Re03 | DH13: y | DI13: A066-COG-X-BVM-Re03 | DJ13: y | DK13: A067-COG-X-BVM-Re03 | DL13: y | DM13: A068-COG-X-BVM-Re03 | DN13: y | DO13: A069-COG-X-BVM-Re03 | DP13: y | DQ13: A070-COG-X-BVM-Re03 | DR13: y | DS13: A071-COG-X-BVM-Re03 | DT13: y | DU13: A072-COG-X-BVM-Re03 | DV13: y | DW13: A073-COG-X-BVM-Re03 | DX13: y | DY13: A074-COG-X-BVM-Re03 | DZ13: y | EA13: A075-COG-X-BVM-Re03 | EB13: y | EC13: A076-COG-X-BVM-Re03 | ED13: y | EE13: A077-COG-X-BVM-Re03 | EF13: y | EG13: A078-COG-X-BVM-Re03 | EH13: y | EI13: A079-COG-X-BVM-Re03 | EJ13: y | EK13: A080-COG-X-BVM-Re03 | EL13: y | EM13: A081-COG-X-BVM-Re03 | EN13: y | EO13: A082-COG-X-BVM-Re03 | EP13: y | EQ13: A083-COG-X-BVM-Re03 | ER13: y | ES13: A084-COG-X-BVM-Re03 | ET13: y | EU13: A085-COG-X-BVM-Re03 | EV13: y | EW13: A086-COG-X-BVM-Re03 | EX13: y | EY13: A087-COG-X-BVM-Re03 | EZ13: y | FA13: A088-COG-X-BVM-Re03 | FB13: y | FC13: A089-COG-X-BVM-Re03 | FD13: y | FE13: A090-COG-X-BVM-Re03 | FF13: y | FG13: A091-COG-X-BVM-Re03 | FH13: y | FI13: A092-COG-X-BVM-Re03 | FJ13: y | FK13: A093-COG-X-BVM-Re03 | FL13: y | FM13: A094-COG-X-BVM-Re03 | FN13: y | FO13: A095-COG-X-BVM-Re03 | FP13: y | FQ13: A096-COG-X-BVM-Re03 | FR13: y | FS13: A097-COG-X-BVM-Re03 | FT13: y | FU13: A098-COG-X-BVM-Re03 | FV13: y | FW13: A099-COG-X-BVM-Re03 | FX13: y | FY13: A100-COG-X-BVM-Re03 | FZ13: y | GA13: A101-COG-X-BVM-Re03 | GB13: y | GC13: A102-COG-X-BVM-Re03 | GD13: y | GE13: A103-COG-X-BVM-Re03 | GF13: y | GG13: A104-COG-X-BVM-Re03 | GH13: y | GI13: A105-COG-X-BVM-Re03 | GJ13: y | GK13: A106-COG-X-BVM-Re03 | GL13: y | GM13: A107-COG-X-BVM-Re03 | GN13: y | GO13: A108-COG-X-BVM-Re03 | GP13: y | GQ13: A109-COG-X-BVM-Re03 | GR13: y
A14: A010-COG-X-BVM-Re04 | B14: n | C14: A011-COG-X-BVM-Re04 | D14: n | E14: A012-COG-X-BVM-Re04 | F14: n | G14: A013-COG-X-BVM-Re04 | H14: n | I14: A014-COG-X-BVM-Re04 | J14: n | K14: A015-COG-X-BVM-Re04 | L14: n | M14: A016-COG-X-BVM-Re04 | N14: n | O14: A017-COG-X-BVM-Re04 | P14: n | Q14: A018-COG-X-BVM-Re04 | R14: n | S14: A019-COG-X-BVM-Re04 | T14: n | U14: A020-COG-X-BVM-Re04 | V14: n | W14: A021-COG-X-BVM-Re04 | X14: n | Y14: A022-COG-X-BVM-Re04 | Z14: n | AA14: A023-COG-X-BVM-Re04 | AB14: n | AC14: A024-COG-X-BVM-Re04 | AD14: n | AE14: A025-COG-X-BVM-Re04 | AF14: n | AG14: A026-COG-X-BVM-Re04 | AH14: n | AI14: A027-COG-X-BVM-Re04 | AJ14: n | AK14: A028-COG-X-BVM-Re04 | AL14: n | AM14: A029-COG-X-BVM-Re04 | AN14: n | AO14: A030-COG-X-BVM-Re04 | AP14: n | AQ14: A031-COG-X-BVM-Re04 | AR14: n | AS14: A032-COG-X-BVM-Re04 | AT14: n | AU14: A033-COG-X-BVM-Re04 | AV14: n | AW14: A034-COG-X-BVM-Re04 | AX14: n | AY14: A035-COG-X-BVM-Re04 | AZ14: n | BA14: A036-COG-X-BVM-Re04 | BB14: n | BC14: A037-COG-X-BVM-Re04 | BD14: n | BE14: A038-COG-X-BVM-Re04 | BF14: n | BG14: A039-COG-X-BVM-Re04 | BH14: n | BI14: A040-COG-X-BVM-Re04 | BJ14: n | BK14: A041-COG-X-BVM-Re04 | BL14: n | BM14: A042-COG-X-BVM-Re04 | BN14: n | BO14: A043-COG-X-BVM-Re04 | BP14: n | BQ14: A044-COG-X-BVM-Re04 | BR14: n | BS14: A045-COG-X-BVM-Re04 | BT14: n | BU14: A046-COG-X-BVM-Re04 | BV14: n | BW14: A047-COG-X-BVM-Re04 | BX14: n | BY14: A048-COG-X-BVM-Re04 | BZ14: n | CA14: A049-COG-X-BVM-Re04 | CB14: n | CC14: A050-COG-X-BVM-Re04 | CD14: n | CE14: A051-COG-X-BVM-Re04 | CF14: n | CG14: A052-COG-X-BVM-Re04 | CH14: n | CI14: A053-COG-X-BVM-Re04 | CJ14: n | CK14: A054-COG-X-BVM-Re04 | CL14: n | CM14: A055-COG-X-BVM-Re04 | CN14: n | CO14: A056-COG-X-BVM-Re04 | CP14: n | CQ14: A057-COG-X-BVM-Re04 | CR14: n | CS14: A058-COG-X-BVM-Re04 | CT14: n | CU14: A059-COG-X-BVM-Re04 | CV14: n | CW14: A060-COG-X-BVM-Re04 | CX14: n | CY14: A061-COG-X-BVM-Re04 | CZ14: n | DA14: A062-COG-X-BVM-Re04 | DB14: n | DC14: A063-COG-X-BVM-Re04 | DD14: n | DE14: A064-COG-X-BVM-Re04 | DF14: n | DG14: A065-COG-X-BVM-Re04 | DH14: n | DI14: A066-COG-X-BVM-Re04 | DJ14: n | DK14: A067-COG-X-BVM-Re04 | DL14: n | DM14: A068-COG-X-BVM-Re04 | DN14: n | DO14: A069-COG-X-BVM-Re04 | DP14: n | DQ14: A070-COG-X-BVM-Re04 | DR14: n | DS14: A071-COG-X-BVM-Re04 | DT14: n | DU14: A072-COG-X-BVM-Re04 | DV14: n | DW14: A073-COG-X-BVM-Re04 | DX14: n | DY14: A074-COG-X-BVM-Re04 | DZ14: n | EA14: A075-COG-X-BVM-Re04 | EB14: n | EC14: A076-COG-X-BVM-Re04 | ED14: n | EE14: A077-COG-X-BVM-Re04 | EF14: n | EG14: A078-COG-X-BVM-Re04 | EH14: n | EI14: A079-COG-X-BVM-Re04 | EJ14: n | EK14: A080-COG-X-BVM-Re04 | EL14: n | EM14: A081-COG-X-BVM-Re04 | EN14: n | EO14: A082-COG-X-BVM-Re04 | EP14: n | EQ14: A083-COG-X-BVM-Re04 | ER14: n | ES14: A084-COG-X-BVM-Re04 | ET14: n | EU14: A085-COG-X-BVM-Re04 | EV14: n | EW14: A086-COG-X-BVM-Re04 | EX14: n | EY14: A087-COG-X-BVM-Re04 | EZ14: n | FA14: A088-COG-X-BVM-Re04 | FB14: n | FC14: A089-COG-X-BVM-Re04 | FD14: n | FE14: A090-COG-X-BVM-Re04 | FF14: n | FG14: A091-COG-X-BVM-Re04 | FH14: n | FI14: A092-COG-X-BVM-Re04 | FJ14: n | FK14: A093-COG-X-BVM-Re04 | FL14: n | FM14: A094-COG-X-BVM-Re04 | FN14: n | FO14: A095-COG-X-BVM-Re04 | FP14: n | FQ14: A096-COG-X-BVM-Re04 | FR14: n | FS14: A097-COG-X-BVM-Re04 | FT14: n | FU14: A098-COG-X-BVM-Re04 | FV14: n | FW14: A099-COG-X-BVM-Re04 | FX14: n | FY14: A100-COG-X-BVM-Re04 | FZ14: n | GA14: A101-COG-X-BVM-Re04 | GB14: n | GC14: A102-COG-X-BVM-Re04 | GD14: n | GE14: A103-COG-X-BVM-Re04 | GF14: n | GG14: A104-COG-X-BVM-Re04 | GH14: n | GI14: A105-COG-X-BVM-Re04 | GJ14: n | GK14: A106-COG-X-BVM-Re04 | GL14: n | GM14: A107-COG-X-BVM-Re04 | GN14: n | GO14: A108-COG-X-BVM-Re04 | GP14: n | GQ14: A109-COG-X-BVM-Re04 | GR14: n
A15: A010-COG-X-BVM-Re05 | B15: n | C15: A011-COG-X-BVM-Re05 | D15: n | E15: A012-COG-X-BVM-Re05 | F15: n | G15: A013-COG-X-BVM-Re05 | H15: n | I15: A014-COG-X-BVM-Re05 | J15: n | K15: A015-COG-X-BVM-Re05 | L15: n | M15: A016-COG-X-BVM-Re05 | N15: n | O15: A017-COG-X-BVM-Re05 | P15: n | Q15: A018-COG-X-BVM-Re05 | R15: n | S15: A019-COG-X-BVM-Re05 | T15: n | U15: A020-COG-X-BVM-Re05 | V15: n | W15: A021-COG-X-BVM-Re05 | X15: n | Y15: A022-COG-X-BVM-Re05 | Z15: n | AA15: A023-COG-X-BVM-Re05 | AB15: n | AC15: A024-COG-X-BVM-Re05 | AD15: n | AE15: A025-COG-X-BVM-Re05 | AF15: n | AG15: A026-COG-X-BVM-Re05 | AH15: n | AI15: A027-COG-X-BVM-Re05 | AJ15: n | AK15: A028-COG-X-BVM-Re05 | AL15: n | AM15: A029-COG-X-BVM-Re05 | AN15: n | AO15: A030-COG-X-BVM-Re05 | AP15: n | AQ15: A031-COG-X-BVM-Re05 | AR15: n | AS15: A032-COG-X-BVM-Re05 | AT15: n | AU15: A033-COG-X-BVM-Re05 | AV15: n | AW15: A034-COG-X-BVM-Re05 | AX15: n | AY15: A035-COG-X-BVM-Re05 | AZ15: n | BA15: A036-COG-X-BVM-Re05 | BB15: n | BC15: A037-COG-X-BVM-Re05 | BD15: n | BE15: A038-COG-X-BVM-Re05 | BF15: n | BG15: A039-COG-X-BVM-Re05 | BH15: n | BI15: A040-COG-X-BVM-Re05 | BJ15: n | BK15: A041-COG-X-BVM-Re05 | BL15: n | BM15: A042-COG-X-BVM-Re05 | BN15: n | BO15: A043-COG-X-BVM-Re05 | BP15: n | BQ15: A044-COG-X-BVM-Re05 | BR15: n | BS15: A045-COG-X-BVM-Re05 | BT15: n | BU15: A046-COG-X-BVM-Re05 | BV15: n | BW15: A047-COG-X-BVM-Re05 | BX15: n | BY15: A048-COG-X-BVM-Re05 | BZ15: n | CA15: A049-COG-X-BVM-Re05 | CB15: n | CC15: A050-COG-X-BVM-Re05 | CD15: n | CE15: A051-COG-X-BVM-Re05 | CF15: n | CG15: A052-COG-X-BVM-Re05 | CH15: n | CI15: A053-COG-X-BVM-Re05 | CJ15: n | CK15: A054-COG-X-BVM-Re05 | CL15: n | CM15: A055-COG-X-BVM-Re05 | CN15: n | CO15: A056-COG-X-BVM-Re05 | CP15: n | CQ15: A057-COG-X-BVM-Re05 | CR15: n | CS15: A058-COG-X-BVM-Re05 | CT15: n | CU15: A059-COG-X-BVM-Re05 | CV15: n | CW15: A060-COG-X-BVM-Re05 | CX15: n | CY15: A061-COG-X-BVM-Re05 | CZ15: n | DA15: A062-COG-X-BVM-Re05 | DB15: n | DC15: A063-COG-X-BVM-Re05 | DD15: n | DE15: A064-COG-X-BVM-Re05 | DF15: n | DG15: A065-COG-X-BVM-Re05 | DH15: n | DI15: A066-COG-X-BVM-Re05 | DJ15: n | DK15: A067-COG-X-BVM-Re05 | DL15: n | DM15: A068-COG-X-BVM-Re05 | DN15: n | DO15: A069-COG-X-BVM-Re05 | DP15: n | DQ15: A070-COG-X-BVM-Re05 | DR15: n | DS15: A071-COG-X-BVM-Re05 | DT15: n | DU15: A072-COG-X-BVM-Re05 | DV15: n | DW15: A073-COG-X-BVM-Re05 | DX15: n | DY15: A074-COG-X-BVM-Re05 | DZ15: n | EA15: A075-COG-X-BVM-Re05 | EB15: n | EC15: A076-COG-X-BVM-Re05 | ED15: n | EE15: A077-COG-X-BVM-Re05 | EF15: n | EG15: A078-COG-X-BVM-Re05 | EH15: n | EI15: A079-COG-X-BVM-Re05 | EJ15: n | EK15: A080-COG-X-BVM-Re05 | EL15: n | EM15: A081-COG-X-BVM-Re05 | EN15: n | EO15: A082-COG-X-BVM-Re05 | EP15: n | EQ15: A083-COG-X-BVM-Re05 | ER15: n | ES15: A084-COG-X-BVM-Re05 | ET15: n | EU15: A085-COG-X-BVM-Re05 | EV15: n | EW15: A086-COG-X-BVM-Re05 | EX15: n | EY15: A087-COG-X-BVM-Re05 | EZ15: n | FA15: A088-COG-X-BVM-Re05 | FB15: n | FC15: A089-COG-X-BVM-Re05 | FD15: n | FE15: A090-COG-X-BVM-Re05 | FF15: n | FG15: A091-COG-X-BVM-Re05 | FH15: n | FI15: A092-COG-X-BVM-Re05 | FJ15: n | FK15: A093-COG-X-BVM-Re05 | FL15: n | FM15: A094-COG-X-BVM-Re05 | FN15: n | FO15: A095-COG-X-BVM-Re05 | FP15: n | FQ15: A096-COG-X-BVM-Re05 | FR15: n | FS15: A097-COG-X-BVM-Re05 | FT15: n | FU15: A098-COG-X-BVM-Re05 | FV15: n | FW15: A099-COG-X-BVM-Re05 | FX15: n | FY15: A100-COG-X-BVM-Re05 | FZ15: n | GA15: A101-COG-X-BVM-Re05 | GB15: n | GC15: A102-COG-X-BVM-Re05 | GD15: n | GE15: A103-COG-X-BVM-Re05 | GF15: n | GG15: A104-COG-X-BVM-Re05 | GH15: n | GI15: A105-COG-X-BVM-Re05 | GJ15: n | GK15: A106-COG-X-BVM-Re05 | GL15: n | GM15: A107-COG-X-BVM-Re05 | GN15: n | GO15: A108-COG-X-BVM-Re05 | GP15: n | GQ15: A109-COG-X-BVM-Re05 | GR15: n
A16: A010-COG-X-BVM-Re06 | B16: y | C16: A011-COG-X-BVM-Re06 | D16: y | E16: A012-COG-X-BVM-Re06 | F16: y | G16: A013-COG-X-BVM-Re06 | H16: y | I16: A014-COG-X-BVM-Re06 | J16: y | K16: A015-COG-X-BVM-Re06 | L16: y | M16: A016-COG-X-BVM-Re06 | N16: y | O16: A017-COG-X-BVM-Re06 | P16: y | Q16: A018-COG-X-BVM-Re06 | R16: y | S16: A019-COG-X-BVM-Re06 | T16: y | U16: A020-COG-X-BVM-Re06 | V16: y | W16: A021-COG-X-BVM-Re06 | X16: y | Y16: A022-COG-X-BVM-Re06 | Z16: y | AA16: A023-COG-X-BVM-Re06 | AB16: y | AC16: A024-COG-X-BVM-Re06 | AD16: y | AE16: A025-COG-X-BVM-Re06 | AF16: y | AG16: A026-COG-X-BVM-Re06 | AH16: y | AI16: A027-COG-X-BVM-Re06 | AJ16: y | AK16: A028-COG-X-BVM-Re06 | AL16: y | AM16: A029-COG-X-BVM-Re06 | AN16: y | AO16: A030-COG-X-BVM-Re06 | AP16: y | AQ16: A031-COG-X-BVM-Re06 | AR16: y | AS16: A032-COG-X-BVM-Re06 | AT16: y | AU16: A033-COG-X-BVM-Re06 | AV16: y | AW16: A034-COG-X-BVM-Re06 | AX16: y | AY16: A035-COG-X-BVM-Re06 | AZ16: y | BA16: A036-COG-X-BVM-Re06 | BB16: y | BC16: A037-COG-X-BVM-Re06 | BD16: y | BE16: A038-COG-X-BVM-Re06 | BF16: y | BG16: A039-COG-X-BVM-Re06 | BH16: y | BI16: A040-COG-X-BVM-Re06 | BJ16: y | BK16: A041-COG-X-BVM-Re06 | BL16: y | BM16: A042-COG-X-BVM-Re06 | BN16: y | BO16: A043-COG-X-BVM-Re06 | BP16: y | BQ16: A044-COG-X-BVM-Re06 | BR16: y | BS16: A045-COG-X-BVM-Re06 | BT16: y | BU16: A046-COG-X-BVM-Re06 | BV16: y | BW16: A047-COG-X-BVM-Re06 | BX16: y | BY16: A048-COG-X-BVM-Re06 | BZ16: y | CA16: A049-COG-X-BVM-Re06 | CB16: y | CC16: A050-COG-X-BVM-Re06 | CD16: y | CE16: A051-COG-X-BVM-Re06 | CF16: y | CG16: A052-COG-X-BVM-Re06 | CH16: y | CI16: A053-COG-X-BVM-Re06 | CJ16: y | CK16: A054-COG-X-BVM-Re06 | CL16: y | CM16: A055-COG-X-BVM-Re06 | CN16: y | CO16: A056-COG-X-BVM-Re06 | CP16: y | CQ16: A057-COG-X-BVM-Re06 | CR16: y | CS16: A058-COG-X-BVM-Re06 | CT16: y | CU16: A059-COG-X-BVM-Re06 | CV16: y | CW16: A060-COG-X-BVM-Re06 | CX16: y | CY16: A061-COG-X-BVM-Re06 | CZ16: y | DA16: A062-COG-X-BVM-Re06 | DB16: y | DC16: A063-COG-X-BVM-Re06 | DD16: y | DE16: A064-COG-X-BVM-Re06 | DF16: y | DG16: A065-COG-X-BVM-Re06 | DH16: y | DI16: A066-COG-X-BVM-Re06 | DJ16: y | DK16: A067-COG-X-BVM-Re06 | DL16: y | DM16: A068-COG-X-BVM-Re06 | DN16: y | DO16: A069-COG-X-BVM-Re06 | DP16: y | DQ16: A070-COG-X-BVM-Re06 | DR16: y | DS16: A071-COG-X-BVM-Re06 | DT16: y | DU16: A072-COG-X-BVM-Re06 | DV16: y | DW16: A073-COG-X-BVM-Re06 | DX16: y | DY16: A074-COG-X-BVM-Re06 | DZ16: y | EA16: A075-COG-X-BVM-Re06 | EB16: y | EC16: A076-COG-X-BVM-Re06 | ED16: y | EE16: A077-COG-X-BVM-Re06 | EF16: y | EG16: A078-COG-X-BVM-Re06 | EH16: y | EI16: A079-COG-X-BVM-Re06 | EJ16: y | EK16: A080-COG-X-BVM-Re06 | EL16: y | EM16: A081-COG-X-BVM-Re06 | EN16: y | EO16: A082-COG-X-BVM-Re06 | EP16: y | EQ16: A083-COG-X-BVM-Re06 | ER16: y | ES16: A084-COG-X-BVM-Re06 | ET16: y | EU16: A085-COG-X-BVM-Re06 | EV16: y | EW16: A086-COG-X-BVM-Re06 | EX16: y | EY16: A087-COG-X-BVM-Re06 | EZ16: y | FA16: A088-COG-X-BVM-Re06 | FB16: y | FC16: A089-COG-X-BVM-Re06 | FD16: y | FE16: A090-COG-X-BVM-Re06 | FF16: y | FG16: A091-COG-X-BVM-Re06 | FH16: y | FI16: A092-COG-X-BVM-Re06 | FJ16: y | FK16: A093-COG-X-BVM-Re06 | FL16: y | FM16: A094-COG-X-BVM-Re06 | FN16: y | FO16: A095-COG-X-BVM-Re06 | FP16: y | FQ16: A096-COG-X-BVM-Re06 | FR16: y | FS16: A097-COG-X-BVM-Re06 | FT16: y | FU16: A098-COG-X-BVM-Re06 | FV16: y | FW16: A099-COG-X-BVM-Re06 | FX16: y | FY16: A100-COG-X-BVM-Re06 | FZ16: y | GA16: A101-COG-X-BVM-Re06 | GB16: n | GC16: A102-COG-X-BVM-Re06 | GD16: y | GE16: A103-COG-X-BVM-Re06 | GF16: y | GG16: A104-COG-X-BVM-Re06 | GH16: y | GI16: A105-COG-X-BVM-Re06 | GJ16: y | GK16: A106-COG-X-BVM-Re06 | GL16: y | GM16: A107-COG-X-BVM-Re06 | GN16: y | GO16: A108-COG-X-BVM-Re06 | GP16: y | GQ16: A109-COG-X-BVM-Re06 | GR16: y
A17: A010-COG-X-BVM-Re07 | B17: y | C17: A011-COG-X-BVM-Re07 | D17: y | E17: A012-COG-X-BVM-Re07 | F17: y | G17: A013-COG-X-BVM-Re07 | H17: y | I17: A014-COG-X-BVM-Re07 | J17: y | K17: A015-COG-X-BVM-Re07 | L17: y | M17: A016-COG-X-BVM-Re07 | N17: y | O17: A017-COG-X-BVM-Re07 | P17: y | Q17: A018-COG-X-BVM-Re07 | R17: y | S17: A019-COG-X-BVM-Re07 | T17: y | U17: A020-COG-X-BVM-Re07 | V17: y | W17: A021-COG-X-BVM-Re07 | X17: y | Y17: A022-COG-X-BVM-Re07 | Z17: y | AA17: A023-COG-X-BVM-Re07 | AB17: y | AC17: A024-COG-X-BVM-Re07 | AD17: n | AE17: A025-COG-X-BVM-Re07 | AF17: y | AG17: A026-COG-X-BVM-Re07 | AH17: y | AI17: A027-COG-X-BVM-Re07 | AJ17: y | AK17: A028-COG-X-BVM-Re07 | AL17: y | AM17: A029-COG-X-BVM-Re07 | AN17: y | AO17: A030-COG-X-BVM-Re07 | AP17: y | AQ17: A031-COG-X-BVM-Re07 | AR17: y | AS17: A032-COG-X-BVM-Re07 | AT17: y | AU17: A033-COG-X-BVM-Re07 | AV17: y | AW17: A034-COG-X-BVM-Re07 | AX17: y | AY17: A035-COG-X-BVM-Re07 | AZ17: y | BA17: A036-COG-X-BVM-Re07 | BB17: y | BC17: A037-COG-X-BVM-Re07 | BD17: y | BE17: A038-COG-X-BVM-Re07 | BF17: y | BG17: A039-COG-X-BVM-Re07 | BH17: y | BI17: A040-COG-X-BVM-Re07 | BJ17: y | BK17: A041-COG-X-BVM-Re07 | BL17: y | BM17: A042-COG-X-BVM-Re07 | BN17: y | BO17: A043-COG-X-BVM-Re07 | BP17: y | BQ17: A044-COG-X-BVM-Re07 | BR17: y | BS17: A045-COG-X-BVM-Re07 | BT17: y | BU17: A046-COG-X-BVM-Re07 | BV17: y | BW17: A047-COG-X-BVM-Re07 | BX17: y | BY17: A048-COG-X-BVM-Re07 | BZ17: y | CA17: A049-COG-X-BVM-Re07 | CB17: y | CC17: A050-COG-X-BVM-Re07 | CD17: y | CE17: A051-COG-X-BVM-Re07 | CF17: y | CG17: A052-COG-X-BVM-Re07 | CH17: y | CI17: A053-COG-X-BVM-Re07 | CJ17: y | CK17: A054-COG-X-BVM-Re07 | CL17: y | CM17: A055-COG-X-BVM-Re07 | CN17: y | CO17: A056-COG-X-BVM-Re07 | CP17: y | CQ17: A057-COG-X-BVM-Re07 | CR17: y | CS17: A058-COG-X-BVM-Re07 | CT17: y | CU17: A059-COG-X-BVM-Re07 | CV17: y | CW17: A060-COG-X-BVM-Re07 | CX17: y | CY17: A061-COG-X-BVM-Re07 | CZ17: y | DA17: A062-COG-X-BVM-Re07 | DB17: y | DC17: A063-COG-X-BVM-Re07 | DD17: y | DE17: A064-COG-X-BVM-Re07 | DF17: y | DG17: A065-COG-X-BVM-Re07 | DH17: y | DI17: A066-COG-X-BVM-Re07 | DJ17: y | DK17: A067-COG-X-BVM-Re07 | DL17: y | DM17: A068-COG-X-BVM-Re07 | DN17: y | DO17: A069-COG-X-BVM-Re07 | DP17: y | DQ17: A070-COG-X-BVM-Re07 | DR17: y | DS17: A071-COG-X-BVM-Re07 | DT17: y | DU17: A072-COG-X-BVM-Re07 | DV17: y | DW17: A073-COG-X-BVM-Re07 | DX17: y | DY17: A074-COG-X-BVM-Re07 | DZ17: y | EA17: A075-COG-X-BVM-Re07 | EB17: y | EC17: A076-COG-X-BVM-Re07 | ED17: y | EE17: A077-COG-X-BVM-Re07 | EF17: y | EG17: A078-COG-X-BVM-Re07 | EH17: y | EI17: A079-COG-X-BVM-Re07 | EJ17: y | EK17: A080-COG-X-BVM-Re07 | EL17: y | EM17: A081-COG-X-BVM-Re07 | EN17: y | EO17: A082-COG-X-BVM-Re07 | EP17: y | EQ17: A083-COG-X-BVM-Re07 | ER17: y | ES17: A084-COG-X-BVM-Re07 | ET17: y | EU17: A085-COG-X-BVM-Re07 | EV17: y | EW17: A086-COG-X-BVM-Re07 | EX17: y | EY17: A087-COG-X-BVM-Re07 | EZ17: y | FA17: A088-COG-X-BVM-Re07 | FB17: y | FC17: A089-COG-X-BVM-Re07 | FD17: y | FE17: A090-COG-X-BVM-Re07 | FF17: y | FG17: A091-COG-X-BVM-Re07 | FH17: y | FI17: A092-COG-X-BVM-Re07 | FJ17: y | FK17: A093-COG-X-BVM-Re07 | FL17: y | FM17: A094-COG-X-BVM-Re07 | FN17: y | FO17: A095-COG-X-BVM-Re07 | FP17: n | FQ17: A096-COG-X-BVM-Re07 | FR17: y | FS17: A097-COG-X-BVM-Re07 | FT17: y | FU17: A098-COG-X-BVM-Re07 | FV17: y | FW17: A099-COG-X-BVM-Re07 | FX17: y | FY17: A100-COG-X-BVM-Re07 | FZ17: y | GA17: A101-COG-X-BVM-Re07 | GB17: y | GC17: A102-COG-X-BVM-Re07 | GD17: y | GE17: A103-COG-X-BVM-Re07 | GF17: y | GG17: A104-COG-X-BVM-Re07 | GH17: y | GI17: A105-COG-X-BVM-Re07 | GJ17: y | GK17: A106-COG-X-BVM-Re07 | GL17: y | GM17: A107-COG-X-BVM-Re07 | GN17: y | GO17: A108-COG-X-BVM-Re07 | GP17: y | GQ17: A109-COG-X-BVM-Re07 | GR17: y
A18: A010-COG-X-BVM-Re08 | B18: n | C18: A011-COG-X-BVM-Re08 | D18: n | E18: A012-COG-X-BVM-Re08 | F18: n | G18: A013-COG-X-BVM-Re08 | H18: n | I18: A014-COG-X-BVM-Re08 | J18: n | K18: A015-COG-X-BVM-Re08 | L18: n | M18: A016-COG-X-BVM-Re08 | N18: n | O18: A017-COG-X-BVM-Re08 | P18: n | Q18: A018-COG-X-BVM-Re08 | R18: n | S18: A019-COG-X-BVM-Re08 | T18: n | U18: A020-COG-X-BVM-Re08 | V18: n | W18: A021-COG-X-BVM-Re08 | X18: n | Y18: A022-COG-X-BVM-Re08 | Z18: n | AA18: A023-COG-X-BVM-Re08 | AB18: n | AC18: A024-COG-X-BVM-Re08 | AD18: n | AE18: A025-COG-X-BVM-Re08 | AF18: n | AG18: A026-COG-X-BVM-Re08 | AH18: n | AI18: A027-COG-X-BVM-Re08 | AJ18: n | AK18: A028-COG-X-BVM-Re08 | AL18: n | AM18: A029-COG-X-BVM-Re08 | AN18: n | AO18: A030-COG-X-BVM-Re08 | AP18: n | AQ18: A031-COG-X-BVM-Re08 | AR18: n | AS18: A032-COG-X-BVM-Re08 | AT18: n | AU18: A033-COG-X-BVM-Re08 | AV18: n | AW18: A034-COG-X-BVM-Re08 | AX18: n | AY18: A035-COG-X-BVM-Re08 | AZ18: n | BA18: A036-COG-X-BVM-Re08 | BB18: n | BC18: A037-COG-X-BVM-Re08 | BD18: n | BE18: A038-COG-X-BVM-Re08 | BF18: n | BG18: A039-COG-X-BVM-Re08 | BH18: n | BI18: A040-COG-X-BVM-Re08 | BJ18: n | BK18: A041-COG-X-BVM-Re08 | BL18: n | BM18: A042-COG-X-BVM-Re08 | BN18: n | BO18: A043-COG-X-BVM-Re08 | BP18: n | BQ18: A044-COG-X-BVM-Re08 | BR18: n | BS18: A045-COG-X-BVM-Re08 | BT18: n | BU18: A046-COG-X-BVM-Re08 | BV18: n | BW18: A047-COG-X-BVM-Re08 | BX18: n | BY18: A048-COG-X-BVM-Re08 | BZ18: n | CA18: A049-COG-X-BVM-Re08 | CB18: n | CC18: A050-COG-X-BVM-Re08 | CD18: n | CE18: A051-COG-X-BVM-Re08 | CF18: n | CG18: A052-COG-X-BVM-Re08 | CH18: n | CI18: A053-COG-X-BVM-Re08 | CJ18: n | CK18: A054-COG-X-BVM-Re08 | CL18: n | CM18: A055-COG-X-BVM-Re08 | CN18: n | CO18: A056-COG-X-BVM-Re08 | CP18: n | CQ18: A057-COG-X-BVM-Re08 | CR18: n | CS18: A058-COG-X-BVM-Re08 | CT18: n | CU18: A059-COG-X-BVM-Re08 | CV18: n | CW18: A060-COG-X-BVM-Re08 | CX18: n | CY18: A061-COG-X-BVM-Re08 | CZ18: n | DA18: A062-COG-X-BVM-Re08 | DB18: n | DC18: A063-COG-X-BVM-Re08 | DD18: n | DE18: A064-COG-X-BVM-Re08 | DF18: n | DG18: A065-COG-X-BVM-Re08 | DH18: n | DI18: A066-COG-X-BVM-Re08 | DJ18: n | DK18: A067-COG-X-BVM-Re08 | DL18: n | DM18: A068-COG-X-BVM-Re08 | DN18: n | DO18: A069-COG-X-BVM-Re08 | DP18: n | DQ18: A070-COG-X-BVM-Re08 | DR18: n | DS18: A071-COG-X-BVM-Re08 | DT18: n | DU18: A072-COG-X-BVM-Re08 | DV18: n | DW18: A073-COG-X-BVM-Re08 | DX18: n | DY18: A074-COG-X-BVM-Re08 | DZ18: n | EA18: A075-COG-X-BVM-Re08 | EB18: n | EC18: A076-COG-X-BVM-Re08 | ED18: n | EE18: A077-COG-X-BVM-Re08 | EF18: n | EG18: A078-COG-X-BVM-Re08 | EH18: n | EI18: A079-COG-X-BVM-Re08 | EJ18: n | EK18: A080-COG-X-BVM-Re08 | EL18: n | EM18: A081-COG-X-BVM-Re08 | EN18: n | EO18: A082-COG-X-BVM-Re08 | EP18: n | EQ18: A083-COG-X-BVM-Re08 | ER18: n | ES18: A084-COG-X-BVM-Re08 | ET18: n | EU18: A085-COG-X-BVM-Re08 | EV18: n | EW18: A086-COG-X-BVM-Re08 | EX18: n | EY18: A087-COG-X-BVM-Re08 | EZ18: n | FA18: A088-COG-X-BVM-Re08 | FB18: n | FC18: A089-COG-X-BVM-Re08 | FD18: n | FE18: A090-COG-X-BVM-Re08 | FF18: n | FG18: A091-COG-X-BVM-Re08 | FH18: n | FI18: A092-COG-X-BVM-Re08 | FJ18: n | FK18: A093-COG-X-BVM-Re08 | FL18: n | FM18: A094-COG-X-BVM-Re08 | FN18: n | FO18: A095-COG-X-BVM-Re08 | FP18: n | FQ18: A096-COG-X-BVM-Re08 | FR18: n | FS18: A097-COG-X-BVM-Re08 | FT18: n | FU18: A098-COG-X-BVM-Re08 | FV18: n | FW18: A099-COG-X-BVM-Re08 | FX18: n | FY18: A100-COG-X-BVM-Re08 | FZ18: n | GA18: A101-COG-X-BVM-Re08 | GB18: n | GC18: A102-COG-X-BVM-Re08 | GD18: n | GE18: A103-COG-X-BVM-Re08 | GF18: n | GG18: A104-COG-X-BVM-Re08 | GH18: n | GI18: A105-COG-X-BVM-Re08 | GJ18: n | GK18: A106-COG-X-BVM-Re08 | GL18: n | GM18: A107-COG-X-BVM-Re08 | GN18: n | GO18: A108-COG-X-BVM-Re08 | GP18: n | GQ18: A109-COG-X-BVM-Re08 | GR18: n
A19: A010-COG-X-BVM-Re09 | B19: y | C19: A011-COG-X-BVM-Re09 | D19: y | E19: A012-COG-X-BVM-Re09 | F19: y | G19: A013-COG-X-BVM-Re09 | H19: y | I19: A014-COG-X-BVM-Re09 | J19: y | K19: A015-COG-X-BVM-Re09 | L19: y | M19: A016-COG-X-BVM-Re09 | N19: y | O19: A017-COG-X-BVM-Re09 | P19: y | Q19: A018-COG-X-BVM-Re09 | R19: y | S19: A019-COG-X-BVM-Re09 | T19: y | U19: A020-COG-X-BVM-Re09 | V19: y | W19: A021-COG-X-BVM-Re09 | X19: y | Y19: A022-COG-X-BVM-Re09 | Z19: y | AA19: A023-COG-X-BVM-Re09 | AB19: y | AC19: A024-COG-X-BVM-Re09 | AD19: y | AE19: A025-COG-X-BVM-Re09 | AF19: y | AG19: A026-COG-X-BVM-Re09 | AH19: y | AI19: A027-COG-X-BVM-Re09 | AJ19: y | AK19: A028-COG-X-BVM-Re09 | AL19: y | AM19: A029-COG-X-BVM-Re09 | AN19: y | AO19: A030-COG-X-BVM-Re09 | AP19: y | AQ19: A031-COG-X-BVM-Re09 | AR19: y | AS19: A032-COG-X-BVM-Re09 | AT19: y | AU19: A033-COG-X-BVM-Re09 | AV19: y | AW19: A034-COG-X-BVM-Re09 | AX19: y | AY19: A035-COG-X-BVM-Re09 | AZ19: y | BA19: A036-COG-X-BVM-Re09 | BB19: y | BC19: A037-COG-X-BVM-Re09 | BD19: y | BE19: A038-COG-X-BVM-Re09 | BF19: y | BG19: A039-COG-X-BVM-Re09 | BH19: y | BI19: A040-COG-X-BVM-Re09 | BJ19: y | BK19: A041-COG-X-BVM-Re09 | BL19: y | BM19: A042-COG-X-BVM-Re09 | BN19: y | BO19: A043-COG-X-BVM-Re09 | BP19: y | BQ19: A044-COG-X-BVM-Re09 | BR19: y | BS19: A045-COG-X-BVM-Re09 | BT19: y | BU19: A046-COG-X-BVM-Re09 | BV19: y | BW19: A047-COG-X-BVM-Re09 | BX19: y | BY19: A048-COG-X-BVM-Re09 | BZ19: y | CA19: A049-COG-X-BVM-Re09 | CB19: y | CC19: A050-COG-X-BVM-Re09 | CD19: y | CE19: A051-COG-X-BVM-Re09 | CF19: y | CG19: A052-COG-X-BVM-Re09 | CH19: y | CI19: A053-COG-X-BVM-Re09 | CJ19: y | CK19: A054-COG-X-BVM-Re09 | CL19: y | CM19: A055-COG-X-BVM-Re09 | CN19: n | CO19: A056-COG-X-BVM-Re09 | CP19: y | CQ19: A057-COG-X-BVM-Re09 | CR19: y | CS19: A058-COG-X-BVM-Re09 | CT19: y | CU19: A059-COG-X-BVM-Re09 | CV19: y | CW19: A060-COG-X-BVM-Re09 | CX19: y | CY19: A061-COG-X-BVM-Re09 | CZ19: y | DA19: A062-COG-X-BVM-Re09 | DB19: y | DC19: A063-COG-X-BVM-Re09 | DD19: y | DE19: A064-COG-X-BVM-Re09 | DF19: y | DG19: A065-COG-X-BVM-Re09 | DH19: y | DI19: A066-COG-X-BVM-Re09 | DJ19: y | DK19: A067-COG-X-BVM-Re09 | DL19: y | DM19: A068-COG-X-BVM-Re09 | DN19: y | DO19: A069-COG-X-BVM-Re09 | DP19: y | DQ19: A070-COG-X-BVM-Re09 | DR19: n | DS19: A071-COG-X-BVM-Re09 | DT19: y | DU19: A072-COG-X-BVM-Re09 | DV19: y | DW19: A073-COG-X-BVM-Re09 | DX19: y | DY19: A074-COG-X-BVM-Re09 | DZ19: y | EA19: A075-COG-X-BVM-Re09 | EB19: y | EC19: A076-COG-X-BVM-Re09 | ED19: y | EE19: A077-COG-X-BVM-Re09 | EF19: y | EG19: A078-COG-X-BVM-Re09 | EH19: y | EI19: A079-COG-X-BVM-Re09 | EJ19: y | EK19: A080-COG-X-BVM-Re09 | EL19: y | EM19: A081-COG-X-BVM-Re09 | EN19: y | EO19: A082-COG-X-BVM-Re09 | EP19: y | EQ19: A083-COG-X-BVM-Re09 | ER19: y | ES19: A084-COG-X-BVM-Re09 | ET19: y | EU19: A085-COG-X-BVM-Re09 | EV19: y | EW19: A086-COG-X-BVM-Re09 | EX19: y | EY19: A087-COG-X-BVM-Re09 | EZ19: y | FA19: A088-COG-X-BVM-Re09 | FB19: y | FC19: A089-COG-X-BVM-Re09 | FD19: y | FE19: A090-COG-X-BVM-Re09 | FF19: y | FG19: A091-COG-X-BVM-Re09 | FH19: y | FI19: A092-COG-X-BVM-Re09 | FJ19: y | FK19: A093-COG-X-BVM-Re09 | FL19: y | FM19: A094-COG-X-BVM-Re09 | FN19: y | FO19: A095-COG-X-BVM-Re09 | FP19: y | FQ19: A096-COG-X-BVM-Re09 | FR19: y | FS19: A097-COG-X-BVM-Re09 | FT19: y | FU19: A098-COG-X-BVM-Re09 | FV19: y | FW19: A099-COG-X-BVM-Re09 | FX19: y | FY19: A100-COG-X-BVM-Re09 | FZ19: y | GA19: A101-COG-X-BVM-Re09 | GB19: y | GC19: A102-COG-X-BVM-Re09 | GD19: y | GE19: A103-COG-X-BVM-Re09 | GF19: y | GG19: A104-COG-X-BVM-Re09 | GH19: y | GI19: A105-COG-X-BVM-Re09 | GJ19: y | GK19: A106-COG-X-BVM-Re09 | GL19: y | GM19: A107-COG-X-BVM-Re09 | GN19: y | GO19: A108-COG-X-BVM-Re09 | GP19: y | GQ19: A109-COG-X-BVM-Re09 | GR19: y
A20: A010-COG-X-BVM-Re10 | B20: n | C20: A011-COG-X-BVM-Re10 | D20: n | E20: A012-COG-X-BVM-Re10 | F20: n | G20: A013-COG-X-BVM-Re10 | H20: n | I20: A014-COG-X-BVM-Re10 | J20: n | K20: A015-COG-X-BVM-Re10 | L20: n | M20: A016-COG-X-BVM-Re10 | N20: n | O20: A017-COG-X-BVM-Re10 | P20: n | Q20: A018-COG-X-BVM-Re10 | R20: n | S20: A019-COG-X-BVM-Re10 | T20: n | U20: A020-COG-X-BVM-Re10 | V20: n | W20: A021-COG-X-BVM-Re10 | X20: n | Y20: A022-COG-X-BVM-Re10 | Z20: n | AA20: A023-COG-X-BVM-Re10 | AB20: n | AC20: A024-COG-X-BVM-Re10 | AD20: n | AE20: A025-COG-X-BVM-Re10 | AF20: n | AG20: A026-COG-X-BVM-Re10 | AH20: n | AI20: A027-COG-X-BVM-Re10 | AJ20: n | AK20: A028-COG-X-BVM-Re10 | AL20: n | AM20: A029-COG-X-BVM-Re10 | AN20: n | AO20: A030-COG-X-BVM-Re10 | AP20: n | AQ20: A031-COG-X-BVM-Re10 | AR20: n | AS20: A032-COG-X-BVM-Re10 | AT20: n | AU20: A033-COG-X-BVM-Re10 | AV20: n | AW20: A034-COG-X-BVM-Re10 | AX20: n | AY20: A035-COG-X-BVM-Re10 | AZ20: n | BA20: A036-COG-X-BVM-Re10 | BB20: n | BC20: A037-COG-X-BVM-Re10 | BD20: n | BE20: A038-COG-X-BVM-Re10 | BF20: n | BG20: A039-COG-X-BVM-Re10 | BH20: n | BI20: A040-COG-X-BVM-Re10 | BJ20: n | BK20: A041-COG-X-BVM-Re10 | BL20: n | BM20: A042-COG-X-BVM-Re10 | BN20: n | BO20: A043-COG-X-BVM-Re10 | BP20: n | BQ20: A044-COG-X-BVM-Re10 | BR20: n | BS20: A045-COG-X-BVM-Re10 | BT20: n | BU20: A046-COG-X-BVM-Re10 | BV20: n | BW20: A047-COG-X-BVM-Re10 | BX20: n | BY20: A048-COG-X-BVM-Re10 | BZ20: n | CA20: A049-COG-X-BVM-Re10 | CB20: n | CC20: A050-COG-X-BVM-Re10 | CD20: n | CE20: A051-COG-X-BVM-Re10 | CF20: n | CG20: A052-COG-X-BVM-Re10 | CH20: n | CI20: A053-COG-X-BVM-Re10 | CJ20: n | CK20: A054-COG-X-BVM-Re10 | CL20: n | CM20: A055-COG-X-BVM-Re10 | CN20: n | CO20: A056-COG-X-BVM-Re10 | CP20: n | CQ20: A057-COG-X-BVM-Re10 | CR20: n | CS20: A058-COG-X-BVM-Re10 | CT20: n | CU20: A059-COG-X-BVM-Re10 | CV20: n | CW20: A060-COG-X-BVM-Re10 | CX20: n | CY20: A061-COG-X-BVM-Re10 | CZ20: n | DA20: A062-COG-X-BVM-Re10 | DB20: n | DC20: A063-COG-X-BVM-Re10 | DD20: n | DE20: A064-COG-X-BVM-Re10 | DF20: n | DG20: A065-COG-X-BVM-Re10 | DH20: n | DI20: A066-COG-X-BVM-Re10 | DJ20: n | DK20: A067-COG-X-BVM-Re10 | DL20: n | DM20: A068-COG-X-BVM-Re10 | DN20: n | DO20: A069-COG-X-BVM-Re10 | DP20: n | DQ20: A070-COG-X-BVM-Re10 | DR20: n | DS20: A071-COG-X-BVM-Re10 | DT20: n | DU20: A072-COG-X-BVM-Re10 | DV20: n | DW20: A073-COG-X-BVM-Re10 | DX20: n | DY20: A074-COG-X-BVM-Re10 | DZ20: n | EA20: A075-COG-X-BVM-Re10 | EB20: n | EC20: A076-COG-X-BVM-Re10 | ED20: n | EE20: A077-COG-X-BVM-Re10 | EF20: n | EG20: A078-COG-X-BVM-Re10 | EH20: n | EI20: A079-COG-X-BVM-Re10 | EJ20: n | EK20: A080-COG-X-BVM-Re10 | EL20: n | EM20: A081-COG-X-BVM-Re10 | EN20: n | EO20: A082-COG-X-BVM-Re10 | EP20: n | EQ20: A083-COG-X-BVM-Re10 | ER20: n | ES20: A084-COG-X-BVM-Re10 | ET20: n | EU20: A085-COG-X-BVM-Re10 | EV20: n | EW20: A086-COG-X-BVM-Re10 | EX20: n | EY20: A087-COG-X-BVM-Re10 | EZ20: n | FA20: A088-COG-X-BVM-Re10 | FB20: n | FC20: A089-COG-X-BVM-Re10 | FD20: n | FE20: A090-COG-X-BVM-Re10 | FF20: n | FG20: A091-COG-X-BVM-Re10 | FH20: n | FI20: A092-COG-X-BVM-Re10 | FJ20: n | FK20: A093-COG-X-BVM-Re10 | FL20: n | FM20: A094-COG-X-BVM-Re10 | FN20: n | FO20: A095-COG-X-BVM-Re10 | FP20: n | FQ20: A096-COG-X-BVM-Re10 | FR20: n | FS20: A097-COG-X-BVM-Re10 | FT20: n | FU20: A098-COG-X-BVM-Re10 | FV20: n | FW20: A099-COG-X-BVM-Re10 | FX20: n | FY20: A100-COG-X-BVM-Re10 | FZ20: n | GA20: A101-COG-X-BVM-Re10 | GB20: n | GC20: A102-COG-X-BVM-Re10 | GD20: n | GE20: A103-COG-X-BVM-Re10 | GF20: n | GG20: A104-COG-X-BVM-Re10 | GH20: n | GI20: A105-COG-X-BVM-Re10 | GJ20: n | GK20: A106-COG-X-BVM-Re10 | GL20: n | GM20: A107-COG-X-BVM-Re10 | GN20: n | GO20: A108-COG-X-BVM-Re10 | GP20: n | GQ20: A109-COG-X-BVM-Re10 | GR20: n
A21: A010-COG-X-BVM-Re11 | B21: n | C21: A011-COG-X-BVM-Re11 | D21: n | E21: A012-COG-X-BVM-Re11 | F21: n | G21: A013-COG-X-BVM-Re11 | H21: n | I21: A014-COG-X-BVM-Re11 | J21: n | K21: A015-COG-X-BVM-Re11 | L21: n | M21: A016-COG-X-BVM-Re11 | N21: n | O21: A017-COG-X-BVM-Re11 | P21: n | Q21: A018-COG-X-BVM-Re11 | R21: n | S21: A019-COG-X-BVM-Re11 | T21: n | U21: A020-COG-X-BVM-Re11 | V21: n | W21: A021-COG-X-BVM-Re11 | X21: n | Y21: A022-COG-X-BVM-Re11 | Z21: n | AA21: A023-COG-X-BVM-Re11 | AB21: n | AC21: A024-COG-X-BVM-Re11 | AD21: n | AE21: A025-COG-X-BVM-Re11 | AF21: n | AG21: A026-COG-X-BVM-Re11 | AH21: n | AI21: A027-COG-X-BVM-Re11 | AJ21: n | AK21: A028-COG-X-BVM-Re11 | AL21: n | AM21: A029-COG-X-BVM-Re11 | AN21: n | AO21: A030-COG-X-BVM-Re11 | AP21: n | AQ21: A031-COG-X-BVM-Re11 | AR21: n | AS21: A032-COG-X-BVM-Re11 | AT21: n | AU21: A033-COG-X-BVM-Re11 | AV21: n | AW21: A034-COG-X-BVM-Re11 | AX21: n | AY21: A035-COG-X-BVM-Re11 | AZ21: n | BA21: A036-COG-X-BVM-Re11 | BB21: n | BC21: A037-COG-X-BVM-Re11 | BD21: n | BE21: A038-COG-X-BVM-Re11 | BF21: n | BG21: A039-COG-X-BVM-Re11 | BH21: n | BI21: A040-COG-X-BVM-Re11 | BJ21: n | BK21: A041-COG-X-BVM-Re11 | BL21: n | BM21: A042-COG-X-BVM-Re11 | BN21: n | BO21: A043-COG-X-BVM-Re11 | BP21: n | BQ21: A044-COG-X-BVM-Re11 | BR21: n | BS21: A045-COG-X-BVM-Re11 | BT21: n | BU21: A046-COG-X-BVM-Re11 | BV21: n | BW21: A047-COG-X-BVM-Re11 | BX21: n | BY21: A048-COG-X-BVM-Re11 | BZ21: n | CA21: A049-COG-X-BVM-Re11 | CB21: n | CC21: A050-COG-X-BVM-Re11 | CD21: n | CE21: A051-COG-X-BVM-Re11 | CF21: n | CG21: A052-COG-X-BVM-Re11 | CH21: n | CI21: A053-COG-X-BVM-Re11 | CJ21: n | CK21: A054-COG-X-BVM-Re11 | CL21: n | CM21: A055-COG-X-BVM-Re11 | CN21: n | CO21: A056-COG-X-BVM-Re11 | CP21: n | CQ21: A057-COG-X-BVM-Re11 | CR21: n | CS21: A058-COG-X-BVM-Re11 | CT21: n | CU21: A059-COG-X-BVM-Re11 | CV21: n | CW21: A060-COG-X-BVM-Re11 | CX21: n | CY21: A061-COG-X-BVM-Re11 | CZ21: n | DA21: A062-COG-X-BVM-Re11 | DB21: n | DC21: A063-COG-X-BVM-Re11 | DD21: n | DE21: A064-COG-X-BVM-Re11 | DF21: n | DG21: A065-COG-X-BVM-Re11 | DH21: n | DI21: A066-COG-X-BVM-Re11 | DJ21: n | DK21: A067-COG-X-BVM-Re11 | DL21: n | DM21: A068-COG-X-BVM-Re11 | DN21: n | DO21: A069-COG-X-BVM-Re11 | DP21: n | DQ21: A070-COG-X-BVM-Re11 | DR21: n | DS21: A071-COG-X-BVM-Re11 | DT21: n | DU21: A072-COG-X-BVM-Re11 | DV21: n | DW21: A073-COG-X-BVM-Re11 | DX21: n | DY21: A074-COG-X-BVM-Re11 | DZ21: n | EA21: A075-COG-X-BVM-Re11 | EB21: n | EC21: A076-COG-X-BVM-Re11 | ED21: n | EE21: A077-COG-X-BVM-Re11 | EF21: n | EG21: A078-COG-X-BVM-Re11 | EH21: n | EI21: A079-COG-X-BVM-Re11 | EJ21: n | EK21: A080-COG-X-BVM-Re11 | EL21: n | EM21: A081-COG-X-BVM-Re11 | EN21: n | EO21: A082-COG-X-BVM-Re11 | EP21: n | EQ21: A083-COG-X-BVM-Re11 | ER21: n | ES21: A084-COG-X-BVM-Re11 | ET21: n | EU21: A085-COG-X-BVM-Re11 | EV21: n | EW21: A086-COG-X-BVM-Re11 | EX21: n | EY21: A087-COG-X-BVM-Re11 | EZ21: n | FA21: A088-COG-X-BVM-Re11 | FB21: n | FC21: A089-COG-X-BVM-Re11 | FD21: n | FE21: A090-COG-X-BVM-Re11 | FF21: n | FG21: A091-COG-X-BVM-Re11 | FH21: n | FI21: A092-COG-X-BVM-Re11 | FJ21: n | FK21: A093-COG-X-BVM-Re11 | FL21: n | FM21: A094-COG-X-BVM-Re11 | FN21: n | FO21: A095-COG-X-BVM-Re11 | FP21: n | FQ21: A096-COG-X-BVM-Re11 | FR21: n | FS21: A097-COG-X-BVM-Re11 | FT21: n | FU21: A098-COG-X-BVM-Re11 | FV21: n | FW21: A099-COG-X-BVM-Re11 | FX21: n | FY21: A100-COG-X-BVM-Re11 | FZ21: n | GA21: A101-COG-X-BVM-Re11 | GB21: n | GC21: A102-COG-X-BVM-Re11 | GD21: n | GE21: A103-COG-X-BVM-Re11 | GF21: n | GG21: A104-COG-X-BVM-Re11 | GH21: n | GI21: A105-COG-X-BVM-Re11 | GJ21: n | GK21: A106-COG-X-BVM-Re11 | GL21: n | GM21: A107-COG-X-BVM-Re11 | GN21: n | GO21: A108-COG-X-BVM-Re11 | GP21: n | GQ21: A109-COG-X-BVM-Re11 | GR21: n
A22: A010-COG-X-BVM-Re12 | B22: y | C22: A011-COG-X-BVM-Re12 | D22: y | E22: A012-COG-X-BVM-Re12 | F22: y | G22: A013-COG-X-BVM-Re12 | H22: y | I22: A014-COG-X-BVM-Re12 | J22: y | K22: A015-COG-X-BVM-Re12 | L22: y | M22: A016-COG-X-BVM-Re12 | N22: y | O22: A017-COG-X-BVM-Re12 | P22: y | Q22: A018-COG-X-BVM-Re12 | R22: y | S22: A019-COG-X-BVM-Re12 | T22: n | U22: A020-COG-X-BVM-Re12 | V22: y | W22: A021-COG-X-BVM-Re12 | X22: y | Y22: A022-COG-X-BVM-Re12 | Z22: y | AA22: A023-COG-X-BVM-Re12 | AB22: y | AC22: A024-COG-X-BVM-Re12 | AD22: y | AE22: A025-COG-X-BVM-Re12 | AF22: y | AG22: A026-COG-X-BVM-Re12 | AH22: y | AI22: A027-COG-X-BVM-Re12 | AJ22: y | AK22: A028-COG-X-BVM-Re12 | AL22: y | AM22: A029-COG-X-BVM-Re12 | AN22: y | AO22: A030-COG-X-BVM-Re12 | AP22: y | AQ22: A031-COG-X-BVM-Re12 | AR22: y | AS22: A032-COG-X-BVM-Re12 | AT22: y | AU22: A033-COG-X-BVM-Re12 | AV22: y | AW22: A034-COG-X-BVM-Re12 | AX22: y | AY22: A035-COG-X-BVM-Re12 | AZ22: y | BA22: A036-COG-X-BVM-Re12 | BB22: y | BC22: A037-COG-X-BVM-Re12 | BD22: y | BE22: A038-COG-X-BVM-Re12 | BF22: y | BG22: A039-COG-X-BVM-Re12 | BH22: y | BI22: A040-COG-X-BVM-Re12 | BJ22: y | BK22: A041-COG-X-BVM-Re12 | BL22: y | BM22: A042-COG-X-BVM-Re12 | BN22: y | BO22: A043-COG-X-BVM-Re12 | BP22: y | BQ22: A044-COG-X-BVM-Re12 | BR22: y | BS22: A045-COG-X-BVM-Re12 | BT22: y | BU22: A046-COG-X-BVM-Re12 | BV22: y | BW22: A047-COG-X-BVM-Re12 | BX22: y | BY22: A048-COG-X-BVM-Re12 | BZ22: y | CA22: A049-COG-X-BVM-Re12 | CB22: y | CC22: A050-COG-X-BVM-Re12 | CD22: y | CE22: A051-COG-X-BVM-Re12 | CF22: y | CG22: A052-COG-X-BVM-Re12 | CH22: y | CI22: A053-COG-X-BVM-Re12 | CJ22: y | CK22: A054-COG-X-BVM-Re12 | CL22: y | CM22: A055-COG-X-BVM-Re12 | CN22: y | CO22: A056-COG-X-BVM-Re12 | CP22: y | CQ22: A057-COG-X-BVM-Re12 | CR22: y | CS22: A058-COG-X-BVM-Re12 | CT22: y | CU22: A059-COG-X-BVM-Re12 | CV22: y | CW22: A060-COG-X-BVM-Re12 | CX22: y | CY22: A061-COG-X-BVM-Re12 | CZ22: y | DA22: A062-COG-X-BVM-Re12 | DB22: y | DC22: A063-COG-X-BVM-Re12 | DD22: y | DE22: A064-COG-X-BVM-Re12 | DF22: y | DG22: A065-COG-X-BVM-Re12 | DH22: y | DI22: A066-COG-X-BVM-Re12 | DJ22: y | DK22: A067-COG-X-BVM-Re12 | DL22: y | DM22: A068-COG-X-BVM-Re12 | DN22: y | DO22: A069-COG-X-BVM-Re12 | DP22: y | DQ22: A070-COG-X-BVM-Re12 | DR22: y | DS22: A071-COG-X-BVM-Re12 | DT22: y | DU22: A072-COG-X-BVM-Re12 | DV22: y | DW22: A073-COG-X-BVM-Re12 | DX22: y | DY22: A074-COG-X-BVM-Re12 | DZ22: y | EA22: A075-COG-X-BVM-Re12 | EB22: y | EC22: A076-COG-X-BVM-Re12 | ED22: y | EE22: A077-COG-X-BVM-Re12 | EF22: y | EG22: A078-COG-X-BVM-Re12 | EH22: y | EI22: A079-COG-X-BVM-Re12 | EJ22: y | EK22: A080-COG-X-BVM-Re12 | EL22: y | EM22: A081-COG-X-BVM-Re12 | EN22: y | EO22: A082-COG-X-BVM-Re12 | EP22: y | EQ22: A083-COG-X-BVM-Re12 | ER22: y | ES22: A084-COG-X-BVM-Re12 | ET22: y | EU22: A085-COG-X-BVM-Re12 | EV22: y | EW22: A086-COG-X-BVM-Re12 | EX22: y | EY22: A087-COG-X-BVM-Re12 | EZ22: y | FA22: A088-COG-X-BVM-Re12 | FB22: y | FC22: A089-COG-X-BVM-Re12 | FD22: y | FE22: A090-COG-X-BVM-Re12 | FF22: y | FG22: A091-COG-X-BVM-Re12 | FH22: y | FI22: A092-COG-X-BVM-Re12 | FJ22: y | FK22: A093-COG-X-BVM-Re12 | FL22: y | FM22: A094-COG-X-BVM-Re12 | FN22: y | FO22: A095-COG-X-BVM-Re12 | FP22: y | FQ22: A096-COG-X-BVM-Re12 | FR22: n | FS22: A097-COG-X-BVM-Re12 | FT22: y | FU22: A098-COG-X-BVM-Re12 | FV22: y | FW22: A099-COG-X-BVM-Re12 | FX22: y | FY22: A100-COG-X-BVM-Re12 | FZ22: y | GA22: A101-COG-X-BVM-Re12 | GB22: y | GC22: A102-COG-X-BVM-Re12 | GD22: y | GE22: A103-COG-X-BVM-Re12 | GF22: y | GG22: A104-COG-X-BVM-Re12 | GH22: y | GI22: A105-COG-X-BVM-Re12 | GJ22: y | GK22: A106-COG-X-BVM-Re12 | GL22: y | GM22: A107-COG-X-BVM-Re12 | GN22: y | GO22: A108-COG-X-BVM-Re12 | GP22: y | GQ22: A109-COG-X-BVM-Re12 | GR22: y
A23: A010-COG-X-BVM-TotR | B23: 35 | C23: A011-COG-X-BVM-TotR | D23: 34 | E23: A012-COG-X-BVM-TotR | F23: 31.5 | G23: A013-COG-X-BVM-TotR | H23: 28.5 | I23: A014-COG-X-BVM-TotR | J23: 35.5 | K23: A015-COG-X-BVM-TotR | L23: 31.5 | M23: A016-COG-X-BVM-TotR | N23: 35 | O23: A017-COG-X-BVM-TotR | P23: 32.5 | Q23: A018-COG-X-BVM-TotR | R23: 33.5 | S23: A019-COG-X-BVM-TotR | T23: 31.5 | U23: A020-COG-X-BVM-TotR | V23: 31.5 | W23: A021-COG-X-BVM-TotR | X23: 33 | Y23: A022-COG-X-BVM-TotR | Z23: 28 | AA23: A023-COG-X-BVM-TotR | AB23: 24.5 | AC23: A024-COG-X-BVM-TotR | AD23: 28.5 | AE23: A025-COG-X-BVM-TotR | AF23: 33 | AG23: A026-COG-X-BVM-TotR | AH23: 31.5 | AI23: A027-COG-X-BVM-TotR | AJ23: 36 | AK23: A028-COG-X-BVM-TotR | AL23: 34 | AM23: A029-COG-X-BVM-TotR | AN23: 35.5 | AO23: A030-COG-X-BVM-TotR | AP23: 33 | AQ23: A031-COG-X-BVM-TotR | AR23: 30 | AS23: A032-COG-X-BVM-TotR | AT23: 31.5 | AU23: A033-COG-X-BVM-TotR | AV23: 26 | AW23: A034-COG-X-BVM-TotR | AX23: 34 | AY23: A035-COG-X-BVM-TotR | AZ23: 34 | BA23: A036-COG-X-BVM-TotR | BB23: 28.5 | BC23: A037-COG-X-BVM-TotR | BD23: 36 | BE23: A038-COG-X-BVM-TotR | BF23: 27.5 | BG23: A039-COG-X-BVM-TotR | BH23: 32 | BI23: A040-COG-X-BVM-TotR | BJ23: 24.5 | BK23: A041-COG-X-BVM-TotR | BL23: 32 | BM23: A042-COG-X-BVM-TotR | BN23: 26.5 | BO23: A043-COG-X-BVM-TotR | BP23: 31 | BQ23: A044-COG-X-BVM-TotR | BR23: 31.5 | BS23: A045-COG-X-BVM-TotR | BT23: 29 | BU23: A046-COG-X-BVM-TotR | BV23: 33 | BW23: A047-COG-X-BVM-TotR | BX23: 22.5 | BY23: A048-COG-X-BVM-TotR | BZ23: 33 | CA23: A049-COG-X-BVM-TotR | CB23: 29.5 | CC23: A050-COG-X-BVM-TotR | CD23: 32.5 | CE23: A051-COG-X-BVM-TotR | CF23: 22.5 | CG23: A052-COG-X-BVM-TotR | CH23: 31.5 | CI23: A053-COG-X-BVM-TotR | CJ23: 31.5 | CK23: A054-COG-X-BVM-TotR | CL23: 35.5 | CM23: A055-COG-X-BVM-TotR | CN23: 24 | CO23: A056-COG-X-BVM-TotR | CP23: 30.5 | CQ23: A057-COG-X-BVM-TotR | CR23: 32 | CS23: A058-COG-X-BVM-TotR | CT23: 28 | CU23: A059-COG-X-BVM-TotR | CV23: 33 | CW23: A060-COG-X-BVM-TotR | CX23: 31.5 | CY23: A061-COG-X-BVM-TotR | CZ23: 27 | DA23: A062-COG-X-BVM-TotR | DB23: 30 | DC23: A063-COG-X-BVM-TotR | DD23: 29 | DE23: A064-COG-X-BVM-TotR | DF23: 32 | DG23: A065-COG-X-BVM-TotR | DH23: 20.5 | DI23: A066-COG-X-BVM-TotR | DJ23: 20.5 | DK23: A067-COG-X-BVM-TotR | DL23: 24.5 | DM23: A068-COG-X-BVM-TotR | DN23: 31 | DO23: A069-COG-X-BVM-TotR | DP23: 28.5 | DQ23: A070-COG-X-BVM-TotR | DR23: 32.5 | DS23: A071-COG-X-BVM-TotR | DT23: 30 | DU23: A072-COG-X-BVM-TotR | DV23: 33.5 | DW23: A073-COG-X-BVM-TotR | DX23: 25.5 | DY23: A074-COG-X-BVM-TotR | DZ23: 30 | EA23: A075-COG-X-BVM-TotR | EB23: 28.5 | EC23: A076-COG-X-BVM-TotR | ED23: 20.5 | EE23: A077-COG-X-BVM-TotR | EF23: 32 | EG23: A078-COG-X-BVM-TotR | EH23: 21 | EI23: A079-COG-X-BVM-TotR | EJ23: 34.5 | EK23: A080-COG-X-BVM-TotR | EL23: 28.5 | EM23: A081-COG-X-BVM-TotR | EN23: 30 | EO23: A082-COG-X-BVM-TotR | EP23: 32.5 | EQ23: A083-COG-X-BVM-TotR | ER23: 24.5 | ES23: A084-COG-X-BVM-TotR | ET23: 21 | EU23: A085-COG-X-BVM-TotR | EV23: 26.5 | EW23: A086-COG-X-BVM-TotR | EX23: 29 | EY23: A087-COG-X-BVM-TotR | EZ23: 32 | FA23: A088-COG-X-BVM-TotR | FB23: 24 | FC23: A089-COG-X-BVM-TotR | FD23: 28 | FE23: A090-COG-X-BVM-TotR | FF23: 23.5 | FG23: A091-COG-X-BVM-TotR | FH23: 24.5 | FI23: A092-COG-X-BVM-TotR | FJ23: 27 | FK23: A093-COG-X-BVM-TotR | FL23: 29 | FM23: A094-COG-X-BVM-TotR | FN23: 23 | FO23: A095-COG-X-BVM-TotR | FP23: 29.5 | FQ23: A096-COG-X-BVM-TotR | FR23: 25 | FS23: A097-COG-X-BVM-TotR | FT23: 18.5 | FU23: A098-COG-X-BVM-TotR | FV23: 26.5 | FW23: A099-COG-X-BVM-TotR | FX23: 26 | FY23: A100-COG-X-BVM-TotR | FZ23: 12.5 | GA23: A101-COG-X-BVM-TotR | GB23: 27 | GC23: A102-COG-X-BVM-TotR | GD23: 34 | GE23: A103-COG-X-BVM-TotR | GF23: 26.5 | GG23: A104-COG-X-BVM-TotR | GH23: 28 | GI23: A105-COG-X-BVM-TotR | GJ23: 16 | GK23: A106-COG-X-BVM-TotR | GL23: 31.5 | GM23: A107-COG-X-BVM-TotR | GN23: 18 | GO23: A108-COG-X-BVM-TotR | GP23: 26.5 | GQ23: A109-COG-X-BVM-TotR | GR23: 15
A24: A010-COG-X-BVM-Lear | B24: 1 | C24: A011-COG-X-BVM-Lear | D24: 2 | E24: A012-COG-X-BVM-Lear | F24: 4 | G24: A013-COG-X-BVM-Lear | H24: 4 | I24: A014-COG-X-BVM-Lear | J24: 0.5 | K24: A015-COG-X-BVM-Lear | L24: 4.5 | M24: A016-COG-X-BVM-Lear | N24: 0.5 | O24: A017-COG-X-BVM-Lear | P24: 3 | Q24: A018-COG-X-BVM-Lear | R24: 2.5 | S24: A019-COG-X-BVM-Lear | T24: 3 | U24: A020-COG-X-BVM-Lear | V24: 3.5 | W24: A021-COG-X-BVM-Lear | X24: 2 | Y24: A022-COG-X-BVM-Lear | Z24: 5.5 | AA24: A023-COG-X-BVM-Lear | AB24: 5.5 | AC24: A024-COG-X-BVM-Lear | AD24: 7 | AE24: A025-COG-X-BVM-Lear | AF24: 3 | AG24: A026-COG-X-BVM-Lear | AH24: 2.5 | AI24: A027-COG-X-BVM-Lear | AJ24: 0 | AK24: A028-COG-X-BVM-Lear | AL24: 2 | AM24: A029-COG-X-BVM-Lear | AN24: 0.5 | AO24: A030-COG-X-BVM-Lear | AP24: 3 | AQ24: A031-COG-X-BVM-Lear | AR24: 6 | AS24: A032-COG-X-BVM-Lear | AT24: 4.5 | AU24: A033-COG-X-BVM-Lear | AV24: 7 | AW24: A034-COG-X-BVM-Lear | AX24: 2 | AY24: A035-COG-X-BVM-Lear | AZ24: 2 | BA24: A036-COG-X-BVM-Lear | BB24: 3.5 | BC24: A037-COG-X-BVM-Lear | BD24: 0 | BE24: A038-COG-X-BVM-Lear | BF24: 4 | BG24: A039-COG-X-BVM-Lear | BH24: 3.5 | BI24: A040-COG-X-BVM-Lear | BJ24: 1.5 | BK24: A041-COG-X-BVM-Lear | BL24: 4 | BM24: A042-COG-X-BVM-Lear | BN24: 6.5 | BO24: A043-COG-X-BVM-Lear | BP24: 5 | BQ24: A044-COG-X-BVM-Lear | BR24: 2.5 | BS24: A045-COG-X-BVM-Lear | BT24: 4 | BU24: A046-COG-X-BVM-Lear | BV24: 2.5 | BW24: A047-COG-X-BVM-Lear | BX24: 1.5 | BY24: A048-COG-X-BVM-Lear | BZ24: 2.5 | CA24: A049-COG-X-BVM-Lear | CB24: 6.5 | CC24: A050-COG-X-BVM-Lear | CD24: 3.5 | CE24: A051-COG-X-BVM-Lear | CF24: 6.5 | CG24: A052-COG-X-BVM-Lear | CH24: 4 | CI24: A053-COG-X-BVM-Lear | CJ24: 3 | CK24: A054-COG-X-BVM-Lear | CL24: 0.5 | CM24: A055-COG-X-BVM-Lear | CN24: 6 | CO24: A056-COG-X-BVM-Lear | CP24: 4.5 | CQ24: A057-COG-X-BVM-Lear | CR24: 4 | CS24: A058-COG-X-BVM-Lear | CT24: 6 | CU24: A059-COG-X-BVM-Lear | CV24: 3 | CW24: A060-COG-X-BVM-Lear | CX24: 2.5 | CY24: A061-COG-X-BVM-Lear | CZ24: 7.5 | DA24: A062-COG-X-BVM-Lear | DB24: 5 | DC24: A063-COG-X-BVM-Lear | DD24: 5.5 | DE24: A064-COG-X-BVM-Lear | DF24: 4 | DG24: A065-COG-X-BVM-Lear | DH24: 3.5 | DI24: A066-COG-X-BVM-Lear | DJ24: 6.5 | DK24: A067-COG-X-BVM-Lear | DL24: 5 | DM24: A068-COG-X-BVM-Lear | DN24: 4 | DO24: A069-COG-X-BVM-Lear | DP24: 6 | DQ24: A070-COG-X-BVM-Lear | DR24: 2 | DS24: A071-COG-X-BVM-Lear | DT24: 5 | DU24: A072-COG-X-BVM-Lear | DV24: 2.5 | DW24: A073-COG-X-BVM-Lear | DX24: 5.5 | DY24: A074-COG-X-BVM-Lear | DZ24: 4 | EA24: A075-COG-X-BVM-Lear | EB24: 4 | EC24: A076-COG-X-BVM-Lear | ED24: 6 | EE24: A077-COG-X-BVM-Lear | EF24: 4 | EG24: A078-COG-X-BVM-Lear | EH24: 7 | EI24: A079-COG-X-BVM-Lear | EJ24: 1 | EK24: A080-COG-X-BVM-Lear | EL24: 6 | EM24: A081-COG-X-BVM-Lear | EN24: 4 | EO24: A082-COG-X-BVM-Lear | EP24: 3 | EQ24: A083-COG-X-BVM-Lear | ER24: 4.5 | ES24: A084-COG-X-BVM-Lear | ET24: 2.5 | EU24: A085-COG-X-BVM-Lear | EV24: 6.5 | EW24: A086-COG-X-BVM-Lear | EX24: 6.5 | EY24: A087-COG-X-BVM-Lear | EZ24: 3 | FA24: A088-COG-X-BVM-Lear | FB24: 10 | FC24: A089-COG-X-BVM-Lear | FD24: 6 | FE24: A090-COG-X-BVM-Lear | FF24: 8.5 | FG24: A091-COG-X-BVM-Lear | FH24: 6 | FI24: A092-COG-X-BVM-Lear | FJ24: 6 | FK24: A093-COG-X-BVM-Lear | FL24: 4 | FM24: A094-COG-X-BVM-Lear | FN24: 6 | FO24: A095-COG-X-BVM-Lear | FP24: 5 | FQ24: A096-COG-X-BVM-Lear | FR24: 6 | FS24: A097-COG-X-BVM-Lear | FT24: 2 | FU24: A098-COG-X-BVM-Lear | FV24: 6 | FW24: A099-COG-X-BVM-Lear | FX24: 6 | FY24: A100-COG-X-BVM-Lear | FZ24: 5 | GA24: A101-COG-X-BVM-Lear | GB24: 6.5 | GC24: A102-COG-X-BVM-Lear | GD24: 1.5 | GE24: A103-COG-X-BVM-Lear | GF24: 3 | GG24: A104-COG-X-BVM-Lear | GH24: 7.5 | GI24: A105-COG-X-BVM-Lear | GJ24: 5.5 | GK24: A106-COG-X-BVM-Lear | GL24: 4 | GM24: A107-COG-X-BVM-Lear | GN24: 4.5 | GO24: A108-COG-X-BVM-Lear | GP24: 4.5 | GQ24: A109-COG-X-BVM-Lear | GR24: 7.5
A25: A010-COG-X-BVM-PerR | B25: 100 | C25: A011-COG-X-BVM-PerR | D25: 100 | E25: A012-COG-X-BVM-PerR | F25: 100 | G25: A013-COG-X-BVM-PerR | H25: 100 | I25: A014-COG-X-BVM-PerR | J25: 100 | K25: A015-COG-X-BVM-PerR | L25: 100 | M25: A016-COG-X-BVM-PerR | N25: 100 | O25: A017-COG-X-BVM-PerR | P25: 100 | Q25: A018-COG-X-BVM-PerR | R25: 66.666667 | S25: A019-COG-X-BVM-PerR | T25: 100 | U25: A020-COG-X-BVM-PerR | V25: 100 | W25: A021-COG-X-BVM-PerR | X25: 100 | Y25: A022-COG-X-BVM-PerR | Z25: 100 | AA25: A023-COG-X-BVM-PerR | AB25: 100 | AC25: A024-COG-X-BVM-PerR | AD25: 95.833333 | AE25: A025-COG-X-BVM-PerR | AF25: 100 | AG25: A026-COG-X-BVM-PerR | AH25: 100 | AI25: A027-COG-X-BVM-PerR | AJ25: 95.833333 | AK25: A028-COG-X-BVM-PerR | AL25: 95.833333 | AM25: A029-COG-X-BVM-PerR | AN25: 100 | AO25: A030-COG-X-BVM-PerR | AP25: 100 | AQ25: A031-COG-X-BVM-PerR | AR25: 100 | AS25: A032-COG-X-BVM-PerR | AT25: 100 | AU25: A033-COG-X-BVM-PerR | AV25: 100 | AW25: A034-COG-X-BVM-PerR | AX25: 100 | AY25: A035-COG-X-BVM-PerR | AZ25: 100 | BA25: A036-COG-X-BVM-PerR | BB25: 100 | BC25: A037-COG-X-BVM-PerR | BD25: 100 | BE25: A038-COG-X-BVM-PerR | BF25: 90.909091 | BG25: A039-COG-X-BVM-PerR | BH25: 100 | BI25: A040-COG-X-BVM-PerR | BJ25: 100 | BK25: A041-COG-X-BVM-PerR | BL25: 100 | BM25: A042-COG-X-BVM-PerR | BN25: 104.34783 | BO25: A043-COG-X-BVM-PerR | BP25: 100 | BQ25: A044-COG-X-BVM-PerR | BR25: 100 | BS25: A045-COG-X-BVM-PerR | BT25: 100 | BU25: A046-COG-X-BVM-PerR | BV25: 100 | BW25: A047-COG-X-BVM-PerR | BX25: 82.352941 | BY25: A048-COG-X-BVM-PerR | BZ25: 100 | CA25: A049-COG-X-BVM-PerR | CB25: 100 | CC25: A050-COG-X-BVM-PerR | CD25: 100 | CE25: A051-COG-X-BVM-PerR | CF25: 104.54545 | CG25: A052-COG-X-BVM-PerR | CH25: 100 | CI25: A053-COG-X-BVM-PerR | CJ25: 100 | CK25: A054-COG-X-BVM-PerR | CL25: 100 | CM25: A055-COG-X-BVM-PerR | CN25: 95.652174 | CO25: A056-COG-X-BVM-PerR | CP25: 100 | CQ25: A057-COG-X-BVM-PerR | CR25: 100 | CS25: A058-COG-X-BVM-PerR | CT25: 100 | CU25: A059-COG-X-BVM-PerR | CV25: 100 | CW25: A060-COG-X-BVM-PerR | CX25: 100 | CY25: A061-COG-X-BVM-PerR | CZ25: 100 | DA25: A062-COG-X-BVM-PerR | DB25: 100 | DC25: A063-COG-X-BVM-PerR | DD25: 100 | DE25: A064-COG-X-BVM-PerR | DF25: 100 | DG25: A065-COG-X-BVM-PerR | DH25: 100 | DI25: A066-COG-X-BVM-PerR | DJ25: 100 | DK25: A067-COG-X-BVM-PerR | DL25: 100 | DM25: A068-COG-X-BVM-PerR | DN25: 100 | DO25: A069-COG-X-BVM-PerR | DP25: 100 | DQ25: A070-COG-X-BVM-PerR | DR25: 100 | DS25: A071-COG-X-BVM-PerR | DT25: 100 | DU25: A072-COG-X-BVM-PerR | DV25: 100 | DW25: A073-COG-X-BVM-PerR | DX25: 90.909091 | DY25: A074-COG-X-BVM-PerR | DZ25: 100 | EA25: A075-COG-X-BVM-PerR | EB25: 100 | EC25: A076-COG-X-BVM-PerR | ED25: 73.684211 | EE25: A077-COG-X-BVM-PerR | EF25: 100 | EG25: A078-COG-X-BVM-PerR | EH25: 100 | EI25: A079-COG-X-BVM-PerR | EJ25: 66.666667 | EK25: A080-COG-X-BVM-PerR | EL25: 100 | EM25: A081-COG-X-BVM-PerR | EN25: 100 | EO25: A082-COG-X-BVM-PerR | EP25: 95.833333 | EQ25: A083-COG-X-BVM-PerR | ER25: 100 | ES25: A084-COG-X-BVM-PerR | ET25: 82.352941 | EU25: A085-COG-X-BVM-PerR | EV25: 100 | EW25: A086-COG-X-BVM-PerR | EX25: 95.833333 | EY25: A087-COG-X-BVM-PerR | EZ25: 95.833333 | FA25: A088-COG-X-BVM-PerR | FB25: 83.333333 | FC25: A089-COG-X-BVM-PerR | FD25: 100 | FE25: A090-COG-X-BVM-PerR | FF25: 100 | FG25: A091-COG-X-BVM-PerR | FH25: 100 | FI25: A092-COG-X-BVM-PerR | FJ25: 100 | FK25: A093-COG-X-BVM-PerR | FL25: 95.454545 | FM25: A094-COG-X-BVM-PerR | FN25: 95.238095 | FO25: A095-COG-X-BVM-PerR | FP25: 100 | FQ25: A096-COG-X-BVM-PerR | FR25: 68.181818 | FS25: A097-COG-X-BVM-PerR | FT25: 106.66667 | FU25: A098-COG-X-BVM-PerR | FV25: 95.652174 | FW25: A099-COG-X-BVM-PerR | FX25: 95.652174 | FY25: A100-COG-X-BVM-PerR | FZ25: 71.428571 | GA25: A101-COG-X-BVM-PerR | GB25: 73.913043 | GC25: A102-COG-X-BVM-PerR | GD25: 100 | GE25: A103-COG-X-BVM-PerR | GF25: 95.454545 | GG25: A104-COG-X-BVM-PerR | GH25: 100 | GI25: A105-COG-X-BVM-PerR | GJ25: 100 | GK25: A106-COG-X-BVM-PerR | GL25: 100 | GM25: A107-COG-X-BVM-PerR | GN25: 106.25 | GO25: A108-COG-X-BVM-PerR | GP25: 104.54545 | GQ25: A109-COG-X-BVM-PerR | GR25: 57.894737
A26: A010-COG-X-BVM-ReHi | B26: 6 | C26: A011-COG-X-BVM-ReHi | D26: 6 | E26: A012-COG-X-BVM-ReHi | F26: 6 | G26: A013-COG-X-BVM-ReHi | H26: 5 | I26: A014-COG-X-BVM-ReHi | J26: 6 | K26: A015-COG-X-BVM-ReHi | L26: 6 | M26: A016-COG-X-BVM-ReHi | N26: 6 | O26: A017-COG-X-BVM-ReHi | P26: 6 | Q26: A018-COG-X-BVM-ReHi | R26: 6 | S26: A019-COG-X-BVM-ReHi | T26: 5 | U26: A020-COG-X-BVM-ReHi | V26: 6 | W26: A021-COG-X-BVM-ReHi | X26: 6 | Y26: A022-COG-X-BVM-ReHi | Z26: 6 | AA26: A023-COG-X-BVM-ReHi | AB26: 6 | AC26: A024-COG-X-BVM-ReHi | AD26: 5 | AE26: A025-COG-X-BVM-ReHi | AF26: 6 | AG26: A026-COG-X-BVM-ReHi | AH26: 6 | AI26: A027-COG-X-BVM-ReHi | AJ26: 6 | AK26: A028-COG-X-BVM-ReHi | AL26: 6 | AM26: A029-COG-X-BVM-ReHi | AN26: 6 | AO26: A030-COG-X-BVM-ReHi | AP26: 6 | AQ26: A031-COG-X-BVM-ReHi | AR26: 6 | AS26: A032-COG-X-BVM-ReHi | AT26: 6 | AU26: A033-COG-X-BVM-ReHi | AV26: 6 | AW26: A034-COG-X-BVM-ReHi | AX26: 6 | AY26: A035-COG-X-BVM-ReHi | AZ26: 6 | BA26: A036-COG-X-BVM-ReHi | BB26: 6 | BC26: A037-COG-X-BVM-ReHi | BD26: 6 | BE26: A038-COG-X-BVM-ReHi | BF26: 6 | BG26: A039-COG-X-BVM-ReHi | BH26: 6 | BI26: A040-COG-X-BVM-ReHi | BJ26: 6 | BK26: A041-COG-X-BVM-ReHi | BL26: 6 | BM26: A042-COG-X-BVM-ReHi | BN26: 6 | BO26: A043-COG-X-BVM-ReHi | BP26: 6 | BQ26: A044-COG-X-BVM-ReHi | BR26: 6 | BS26: A045-COG-X-BVM-ReHi | BT26: 5 | BU26: A046-COG-X-BVM-ReHi | BV26: 6 | BW26: A047-COG-X-BVM-ReHi | BX26: 6 | BY26: A048-COG-X-BVM-ReHi | BZ26: 6 | CA26: A049-COG-X-BVM-ReHi | CB26: 6 | CC26: A050-COG-X-BVM-ReHi | CD26: 6 | CE26: A051-COG-X-BVM-ReHi | CF26: 5 | CG26: A052-COG-X-BVM-ReHi | CH26: 6 | CI26: A053-COG-X-BVM-ReHi | CJ26: 6 | CK26: A054-COG-X-BVM-ReHi | CL26: 6 | CM26: A055-COG-X-BVM-ReHi | CN26: 5 | CO26: A056-COG-X-BVM-ReHi | CP26: 6 | CQ26: A057-COG-X-BVM-ReHi | CR26: 6 | CS26: A058-COG-X-BVM-ReHi | CT26: 6 | CU26: A059-COG-X-BVM-ReHi | CV26: 6 | CW26: A060-COG-X-BVM-ReHi | CX26: 6 | CY26: A061-COG-X-BVM-ReHi | CZ26: 6 | DA26: A062-COG-X-BVM-ReHi | DB26: 6 | DC26: A063-COG-X-BVM-ReHi | DD26: 6 | DE26: A064-COG-X-BVM-ReHi | DF26: 6 | DG26: A065-COG-X-BVM-ReHi | DH26: 6 | DI26: A066-COG-X-BVM-ReHi | DJ26: 6 | DK26: A067-COG-X-BVM-ReHi | DL26: 6 | DM26: A068-COG-X-BVM-ReHi | DN26: 6 | DO26: A069-COG-X-BVM-ReHi | DP26: 6 | DQ26: A070-COG-X-BVM-ReHi | DR26: 5 | DS26: A071-COG-X-BVM-ReHi | DT26: 6 | DU26: A072-COG-X-BVM-ReHi | DV26: 6 | DW26: A073-COG-X-BVM-ReHi | DX26: 6 | DY26: A074-COG-X-BVM-ReHi | DZ26: 6 | EA26: A075-COG-X-BVM-ReHi | EB26: 6 | EC26: A076-COG-X-BVM-ReHi | ED26: 6 | EE26: A077-COG-X-BVM-ReHi | EF26: 6 | EG26: A078-COG-X-BVM-ReHi | EH26: 6 | EI26: A079-COG-X-BVM-ReHi | EJ26: 6 | EK26: A080-COG-X-BVM-ReHi | EL26: 6 | EM26: A081-COG-X-BVM-ReHi | EN26: 5 | EO26: A082-COG-X-BVM-ReHi | EP26: 6 | EQ26: A083-COG-X-BVM-ReHi | ER26: 6 | ES26: A084-COG-X-BVM-ReHi | ET26: 6 | EU26: A085-COG-X-BVM-ReHi | EV26: 6 | EW26: A086-COG-X-BVM-ReHi | EX26: 6 | EY26: A087-COG-X-BVM-ReHi | EZ26: 6 | FA26: A088-COG-X-BVM-ReHi | FB26: 6 | FC26: A089-COG-X-BVM-ReHi | FD26: 6 | FE26: A090-COG-X-BVM-ReHi | FF26: 6 | FG26: A091-COG-X-BVM-ReHi | FH26: 6 | FI26: A092-COG-X-BVM-ReHi | FJ26: 6 | FK26: A093-COG-X-BVM-ReHi | FL26: 6 | FM26: A094-COG-X-BVM-ReHi | FN26: 6 | FO26: A095-COG-X-BVM-ReHi | FP26: 5 | FQ26: A096-COG-X-BVM-ReHi | FR26: 5 | FS26: A097-COG-X-BVM-ReHi | FT26: 5 | FU26: A098-COG-X-BVM-ReHi | FV26: 6 | FW26: A099-COG-X-BVM-ReHi | FX26: 6 | FY26: A100-COG-X-BVM-ReHi | FZ26: 6 | GA26: A101-COG-X-BVM-ReHi | GB26: 5 | GC26: A102-COG-X-BVM-ReHi | GD26: 6 | GE26: A103-COG-X-BVM-ReHi | GF26: 6 | GG26: A104-COG-X-BVM-ReHi | GH26: 6 | GI26: A105-COG-X-BVM-ReHi | GJ26: 6 | GK26: A106-COG-X-BVM-ReHi | GL26: 6 | GM26: A107-COG-X-BVM-ReHi | GN26: 6 | GO26: A108-COG-X-BVM-ReHi | GP26: 6 | GQ26: A109-COG-X-BVM-ReHi | GR26: 6
A27: A010-COG-X-BVM-ReFA | B27: 0 | C27: A011-COG-X-BVM-ReFA | D27: 0 | E27: A012-COG-X-BVM-ReFA | F27: 0 | G27: A013-COG-X-BVM-ReFA | H27: 0 | I27: A014-COG-X-BVM-ReFA | J27: 0 | K27: A015-COG-X-BVM-ReFA | L27: 0 | M27: A016-COG-X-BVM-ReFA | N27: 0 | O27: A017-COG-X-BVM-ReFA | P27: 0 | Q27: A018-COG-X-BVM-ReFA | R27: 0 | S27: A019-COG-X-BVM-ReFA | T27: 0 | U27: A020-COG-X-BVM-ReFA | V27: 0 | W27: A021-COG-X-BVM-ReFA | X27: 0 | Y27: A022-COG-X-BVM-ReFA | Z27: 0 | AA27: A023-COG-X-BVM-ReFA | AB27: 0 | AC27: A024-COG-X-BVM-ReFA | AD27: 0 | AE27: A025-COG-X-BVM-ReFA | AF27: 0 | AG27: A026-COG-X-BVM-ReFA | AH27: 0 | AI27: A027-COG-X-BVM-ReFA | AJ27: 0 | AK27: A028-COG-X-BVM-ReFA | AL27: 0 | AM27: A029-COG-X-BVM-ReFA | AN27: 0 | AO27: A030-COG-X-BVM-ReFA | AP27: 0 | AQ27: A031-COG-X-BVM-ReFA | AR27: 0 | AS27: A032-COG-X-BVM-ReFA | AT27: 0 | AU27: A033-COG-X-BVM-ReFA | AV27: 0 | AW27: A034-COG-X-BVM-ReFA | AX27: 0 | AY27: A035-COG-X-BVM-ReFA | AZ27: 0 | BA27: A036-COG-X-BVM-ReFA | BB27: 0 | BC27: A037-COG-X-BVM-ReFA | BD27: 0 | BE27: A038-COG-X-BVM-ReFA | BF27: 0 | BG27: A039-COG-X-BVM-ReFA | BH27: 0 | BI27: A040-COG-X-BVM-ReFA | BJ27: 0 | BK27: A041-COG-X-BVM-ReFA | BL27: 0 | BM27: A042-COG-X-BVM-ReFA | BN27: 0 | BO27: A043-COG-X-BVM-ReFA | BP27: 0 | BQ27: A044-COG-X-BVM-ReFA | BR27: 0 | BS27: A045-COG-X-BVM-ReFA | BT27: 0 | BU27: A046-COG-X-BVM-ReFA | BV27: 0 | BW27: A047-COG-X-BVM-ReFA | BX27: 0 | BY27: A048-COG-X-BVM-ReFA | BZ27: 0 | CA27: A049-COG-X-BVM-ReFA | CB27: 0 | CC27: A050-COG-X-BVM-ReFA | CD27: 0 | CE27: A051-COG-X-BVM-ReFA | CF27: 0 | CG27: A052-COG-X-BVM-ReFA | CH27: 0 | CI27: A053-COG-X-BVM-ReFA | CJ27: 0 | CK27: A054-COG-X-BVM-ReFA | CL27: 0 | CM27: A055-COG-X-BVM-ReFA | CN27: 0 | CO27: A056-COG-X-BVM-ReFA | CP27: 0 | CQ27: A057-COG-X-BVM-ReFA | CR27: 0 | CS27: A058-COG-X-BVM-ReFA | CT27: 0 | CU27: A059-COG-X-BVM-ReFA | CV27: 0 | CW27: A060-COG-X-BVM-ReFA | CX27: 0 | CY27: A061-COG-X-BVM-ReFA | CZ27: 0 | DA27: A062-COG-X-BVM-ReFA | DB27: 0 | DC27: A063-COG-X-BVM-ReFA | DD27: 0 | DE27: A064-COG-X-BVM-ReFA | DF27: 0 | DG27: A065-COG-X-BVM-ReFA | DH27: 0 | DI27: A066-COG-X-BVM-ReFA | DJ27: 0 | DK27: A067-COG-X-BVM-ReFA | DL27: 0 | DM27: A068-COG-X-BVM-ReFA | DN27: 0 | DO27: A069-COG-X-BVM-ReFA | DP27: 0 | DQ27: A070-COG-X-BVM-ReFA | DR27: 0 | DS27: A071-COG-X-BVM-ReFA | DT27: 0 | DU27: A072-COG-X-BVM-ReFA | DV27: 0 | DW27: A073-COG-X-BVM-ReFA | DX27: 0 | DY27: A074-COG-X-BVM-ReFA | DZ27: 0 | EA27: A075-COG-X-BVM-ReFA | EB27: 0 | EC27: A076-COG-X-BVM-ReFA | ED27: 0 | EE27: A077-COG-X-BVM-ReFA | EF27: 0 | EG27: A078-COG-X-BVM-ReFA | EH27: 0 | EI27: A079-COG-X-BVM-ReFA | EJ27: 0 | EK27: A080-COG-X-BVM-ReFA | EL27: 0 | EM27: A081-COG-X-BVM-ReFA | EN27: 0 | EO27: A082-COG-X-BVM-ReFA | EP27: 0 | EQ27: A083-COG-X-BVM-ReFA | ER27: 0 | ES27: A084-COG-X-BVM-ReFA | ET27: 0 | EU27: A085-COG-X-BVM-ReFA | EV27: 0 | EW27: A086-COG-X-BVM-ReFA | EX27: 0 | EY27: A087-COG-X-BVM-ReFA | EZ27: 0 | FA27: A088-COG-X-BVM-ReFA | FB27: 0 | FC27: A089-COG-X-BVM-ReFA | FD27: 0 | FE27: A090-COG-X-BVM-ReFA | FF27: 0 | FG27: A091-COG-X-BVM-ReFA | FH27: 0 | FI27: A092-COG-X-BVM-ReFA | FJ27: 0 | FK27: A093-COG-X-BVM-ReFA | FL27: 0 | FM27: A094-COG-X-BVM-ReFA | FN27: 0 | FO27: A095-COG-X-BVM-ReFA | FP27: 0 | FQ27: A096-COG-X-BVM-ReFA | FR27: 0 | FS27: A097-COG-X-BVM-ReFA | FT27: 0 | FU27: A098-COG-X-BVM-ReFA | FV27: 0 | FW27: A099-COG-X-BVM-ReFA | FX27: 0 | FY27: A100-COG-X-BVM-ReFA | FZ27: 0 | GA27: A101-COG-X-BVM-ReFA | GB27: 0 | GC27: A102-COG-X-BVM-ReFA | GD27: 0 | GE27: A103-COG-X-BVM-ReFA | GF27: 0 | GG27: A104-COG-X-BVM-ReFA | GH27: 0 | GI27: A105-COG-X-BVM-ReFA | GJ27: 0 | GK27: A106-COG-X-BVM-ReFA | GL27: 0 | GM27: A107-COG-X-BVM-ReFA | GN27: 0 | GO27: A108-COG-X-BVM-ReFA | GP27: 0 | GQ27: A109-COG-X-BVM-ReFA | GR27: 0
A28: A010-COG-X-BVM-ReDI | B28: 6 | C28: A011-COG-X-BVM-ReDI | D28: 6 | E28: A012-COG-X-BVM-ReDI | F28: 6 | G28: A013-COG-X-BVM-ReDI | H28: 5 | I28: A014-COG-X-BVM-ReDI | J28: 6 | K28: A015-COG-X-BVM-ReDI | L28: 6 | M28: A016-COG-X-BVM-ReDI | N28: 6 | O28: A017-COG-X-BVM-ReDI | P28: 6 | Q28: A018-COG-X-BVM-ReDI | R28: 6 | S28: A019-COG-X-BVM-ReDI | T28: 5 | U28: A020-COG-X-BVM-ReDI | V28: 6 | W28: A021-COG-X-BVM-ReDI | X28: 6 | Y28: A022-COG-X-BVM-ReDI | Z28: 6 | AA28: A023-COG-X-BVM-ReDI | AB28: 6 | AC28: A024-COG-X-BVM-ReDI | AD28: 5 | AE28: A025-COG-X-BVM-ReDI | AF28: 6 | AG28: A026-COG-X-BVM-ReDI | AH28: 6 | AI28: A027-COG-X-BVM-ReDI | AJ28: 6 | AK28: A028-COG-X-BVM-ReDI | AL28: 6 | AM28: A029-COG-X-BVM-ReDI | AN28: 6 | AO28: A030-COG-X-BVM-ReDI | AP28: 6 | AQ28: A031-COG-X-BVM-ReDI | AR28: 6 | AS28: A032-COG-X-BVM-ReDI | AT28: 6 | AU28: A033-COG-X-BVM-ReDI | AV28: 6 | AW28: A034-COG-X-BVM-ReDI | AX28: 6 | AY28: A035-COG-X-BVM-ReDI | AZ28: 6 | BA28: A036-COG-X-BVM-ReDI | BB28: 6 | BC28: A037-COG-X-BVM-ReDI | BD28: 6 | BE28: A038-COG-X-BVM-ReDI | BF28: 6 | BG28: A039-COG-X-BVM-ReDI | BH28: 6 | BI28: A040-COG-X-BVM-ReDI | BJ28: 6 | BK28: A041-COG-X-BVM-ReDI | BL28: 6 | BM28: A042-COG-X-BVM-ReDI | BN28: 6 | BO28: A043-COG-X-BVM-ReDI | BP28: 6 | BQ28: A044-COG-X-BVM-ReDI | BR28: 6 | BS28: A045-COG-X-BVM-ReDI | BT28: 5 | BU28: A046-COG-X-BVM-ReDI | BV28: 6 | BW28: A047-COG-X-BVM-ReDI | BX28: 6 | BY28: A048-COG-X-BVM-ReDI | BZ28: 6 | CA28: A049-COG-X-BVM-ReDI | CB28: 6 | CC28: A050-COG-X-BVM-ReDI | CD28: 6 | CE28: A051-COG-X-BVM-ReDI | CF28: 5 | CG28: A052-COG-X-BVM-ReDI | CH28: 6 | CI28: A053-COG-X-BVM-ReDI | CJ28: 6 | CK28: A054-COG-X-BVM-ReDI | CL28: 6 | CM28: A055-COG-X-BVM-ReDI | CN28: 5 | CO28: A056-COG-X-BVM-ReDI | CP28: 6 | CQ28: A057-COG-X-BVM-ReDI | CR28: 6 | CS28: A058-COG-X-BVM-ReDI | CT28: 6 | CU28: A059-COG-X-BVM-ReDI | CV28: 6 | CW28: A060-COG-X-BVM-ReDI | CX28: 6 | CY28: A061-COG-X-BVM-ReDI | CZ28: 6 | DA28: A062-COG-X-BVM-ReDI | DB28: 6 | DC28: A063-COG-X-BVM-ReDI | DD28: 6 | DE28: A064-COG-X-BVM-ReDI | DF28: 6 | DG28: A065-COG-X-BVM-ReDI | DH28: 6 | DI28: A066-COG-X-BVM-ReDI | DJ28: 6 | DK28: A067-COG-X-BVM-ReDI | DL28: 6 | DM28: A068-COG-X-BVM-ReDI | DN28: 6 | DO28: A069-COG-X-BVM-ReDI | DP28: 6 | DQ28: A070-COG-X-BVM-ReDI | DR28: 5 | DS28: A071-COG-X-BVM-ReDI | DT28: 6 | DU28: A072-COG-X-BVM-ReDI | DV28: 6 | DW28: A073-COG-X-BVM-ReDI | DX28: 6 | DY28: A074-COG-X-BVM-ReDI | DZ28: 6 | EA28: A075-COG-X-BVM-ReDI | EB28: 6 | EC28: A076-COG-X-BVM-ReDI | ED28: 6 | EE28: A077-COG-X-BVM-ReDI | EF28: 6 | EG28: A078-COG-X-BVM-ReDI | EH28: 6 | EI28: A079-COG-X-BVM-ReDI | EJ28: 6 | EK28: A080-COG-X-BVM-ReDI | EL28: 6 | EM28: A081-COG-X-BVM-ReDI | EN28: 5 | EO28: A082-COG-X-BVM-ReDI | EP28: 6 | EQ28: A083-COG-X-BVM-ReDI | ER28: 6 | ES28: A084-COG-X-BVM-ReDI | ET28: 6 | EU28: A085-COG-X-BVM-ReDI | EV28: 6 | EW28: A086-COG-X-BVM-ReDI | EX28: 6 | EY28: A087-COG-X-BVM-ReDI | EZ28: 6 | FA28: A088-COG-X-BVM-ReDI | FB28: 6 | FC28: A089-COG-X-BVM-ReDI | FD28: 6 | FE28: A090-COG-X-BVM-ReDI | FF28: 6 | FG28: A091-COG-X-BVM-ReDI | FH28: 6 | FI28: A092-COG-X-BVM-ReDI | FJ28: 6 | FK28: A093-COG-X-BVM-ReDI | FL28: 6 | FM28: A094-COG-X-BVM-ReDI | FN28: 6 | FO28: A095-COG-X-BVM-ReDI | FP28: 5 | FQ28: A096-COG-X-BVM-ReDI | FR28: 5 | FS28: A097-COG-X-BVM-ReDI | FT28: 5 | FU28: A098-COG-X-BVM-ReDI | FV28: 6 | FW28: A099-COG-X-BVM-ReDI | FX28: 6 | FY28: A100-COG-X-BVM-ReDI | FZ28: 6 | GA28: A101-COG-X-BVM-ReDI | GB28: 5 | GC28: A102-COG-X-BVM-ReDI | GD28: 6 | GE28: A103-COG-X-BVM-ReDI | GF28: 6 | GG28: A104-COG-X-BVM-ReDI | GH28: 6 | GI28: A105-COG-X-BVM-ReDI | GJ28: 6 | GK28: A106-COG-X-BVM-ReDI | GL28: 6 | GM28: A107-COG-X-BVM-ReDI | GN28: 6 | GO28: A108-COG-X-BVM-ReDI | GP28: 6 | GQ28: A109-COG-X-BVM-ReDI | GR28: 6
A29: A010-COG-X-BVM-ReRB | B29: 0.5 | C29: A011-COG-X-BVM-ReRB | D29: 0.5 | E29: A012-COG-X-BVM-ReRB | F29: 0.5 | G29: A013-COG-X-BVM-ReRB | H29: 0.25 | I29: A014-COG-X-BVM-ReRB | J29: 0.5 | K29: A015-COG-X-BVM-ReRB | L29: 0.5 | M29: A016-COG-X-BVM-ReRB | N29: 0.5 | O29: A017-COG-X-BVM-ReRB | P29: 0.5 | Q29: A018-COG-X-BVM-ReRB | R29: 0.5 | S29: A019-COG-X-BVM-ReRB | T29: 0.25 | U29: A020-COG-X-BVM-ReRB | V29: 0.5 | W29: A021-COG-X-BVM-ReRB | X29: 0.5 | Y29: A022-COG-X-BVM-ReRB | Z29: 0.5 | AA29: A023-COG-X-BVM-ReRB | AB29: 0.5 | AC29: A024-COG-X-BVM-ReRB | AD29: 0.25 | AE29: A025-COG-X-BVM-ReRB | AF29: 0.5 | AG29: A026-COG-X-BVM-ReRB | AH29: 0.5 | AI29: A027-COG-X-BVM-ReRB | AJ29: 0.5 | AK29: A028-COG-X-BVM-ReRB | AL29: 0.5 | AM29: A029-COG-X-BVM-ReRB | AN29: 0.5 | AO29: A030-COG-X-BVM-ReRB | AP29: 0.5 | AQ29: A031-COG-X-BVM-ReRB | AR29: 0.5 | AS29: A032-COG-X-BVM-ReRB | AT29: 0.5 | AU29: A033-COG-X-BVM-ReRB | AV29: 0.5 | AW29: A034-COG-X-BVM-ReRB | AX29: 0.5 | AY29: A035-COG-X-BVM-ReRB | AZ29: 0.5 | BA29: A036-COG-X-BVM-ReRB | BB29: 0.5 | BC29: A037-COG-X-BVM-ReRB | BD29: 0.5 | BE29: A038-COG-X-BVM-ReRB | BF29: 0.5 | BG29: A039-COG-X-BVM-ReRB | BH29: 0.5 | BI29: A040-COG-X-BVM-ReRB | BJ29: 0.5 | BK29: A041-COG-X-BVM-ReRB | BL29: 0.5 | BM29: A042-COG-X-BVM-ReRB | BN29: 0.5 | BO29: A043-COG-X-BVM-ReRB | BP29: 0.5 | BQ29: A044-COG-X-BVM-ReRB | BR29: 0.5 | BS29: A045-COG-X-BVM-ReRB | BT29: 0.25 | BU29: A046-COG-X-BVM-ReRB | BV29: 0.5 | BW29: A047-COG-X-BVM-ReRB | BX29: 0.5 | BY29: A048-COG-X-BVM-ReRB | BZ29: 0.5 | CA29: A049-COG-X-BVM-ReRB | CB29: 0.5 | CC29: A050-COG-X-BVM-ReRB | CD29: 0.5 | CE29: A051-COG-X-BVM-ReRB | CF29: 0.25 | CG29: A052-COG-X-BVM-ReRB | CH29: 0.5 | CI29: A053-COG-X-BVM-ReRB | CJ29: 0.5 | CK29: A054-COG-X-BVM-ReRB | CL29: 0.5 | CM29: A055-COG-X-BVM-ReRB | CN29: 0.25 | CO29: A056-COG-X-BVM-ReRB | CP29: 0.5 | CQ29: A057-COG-X-BVM-ReRB | CR29: 0.5 | CS29: A058-COG-X-BVM-ReRB | CT29: 0.5 | CU29: A059-COG-X-BVM-ReRB | CV29: 0.5 | CW29: A060-COG-X-BVM-ReRB | CX29: 0.5 | CY29: A061-COG-X-BVM-ReRB | CZ29: 0.5 | DA29: A062-COG-X-BVM-ReRB | DB29: 0.5 | DC29: A063-COG-X-BVM-ReRB | DD29: 0.5 | DE29: A064-COG-X-BVM-ReRB | DF29: 0.5 | DG29: A065-COG-X-BVM-ReRB | DH29: 0.5 | DI29: A066-COG-X-BVM-ReRB | DJ29: 0.5 | DK29: A067-COG-X-BVM-ReRB | DL29: 0.5 | DM29: A068-COG-X-BVM-ReRB | DN29: 0.5 | DO29: A069-COG-X-BVM-ReRB | DP29: 0.5 | DQ29: A070-COG-X-BVM-ReRB | DR29: 0.25 | DS29: A071-COG-X-BVM-ReRB | DT29: 0.5 | DU29: A072-COG-X-BVM-ReRB | DV29: 0.5 | DW29: A073-COG-X-BVM-ReRB | DX29: 0.5 | DY29: A074-COG-X-BVM-ReRB | DZ29: 0.5 | EA29: A075-COG-X-BVM-ReRB | EB29: 0.5 | EC29: A076-COG-X-BVM-ReRB | ED29: 0.5 | EE29: A077-COG-X-BVM-ReRB | EF29: 0.5 | EG29: A078-COG-X-BVM-ReRB | EH29: 0.5 | EI29: A079-COG-X-BVM-ReRB | EJ29: 0.5 | EK29: A080-COG-X-BVM-ReRB | EL29: 0.5 | EM29: A081-COG-X-BVM-ReRB | EN29: 0.25 | EO29: A082-COG-X-BVM-ReRB | EP29: 0.5 | EQ29: A083-COG-X-BVM-ReRB | ER29: 0.5 | ES29: A084-COG-X-BVM-ReRB | ET29: 0.5 | EU29: A085-COG-X-BVM-ReRB | EV29: 0.5 | EW29: A086-COG-X-BVM-ReRB | EX29: 0.5 | EY29: A087-COG-X-BVM-ReRB | EZ29: 0.5 | FA29: A088-COG-X-BVM-ReRB | FB29: 0.5 | FC29: A089-COG-X-BVM-ReRB | FD29: 0.5 | FE29: A090-COG-X-BVM-ReRB | FF29: 0.5 | FG29: A091-COG-X-BVM-ReRB | FH29: 0.5 | FI29: A092-COG-X-BVM-ReRB | FJ29: 0.5 | FK29: A093-COG-X-BVM-ReRB | FL29: 0.5 | FM29: A094-COG-X-BVM-ReRB | FN29: 0.5 | FO29: A095-COG-X-BVM-ReRB | FP29: 0.25 | FQ29: A096-COG-X-BVM-ReRB | FR29: 0.25 | FS29: A097-COG-X-BVM-ReRB | FT29: 0.25 | FU29: A098-COG-X-BVM-ReRB | FV29: 0.5 | FW29: A099-COG-X-BVM-ReRB | FX29: 0.5 | FY29: A100-COG-X-BVM-ReRB | FZ29: 0.5 | GA29: A101-COG-X-BVM-ReRB | GB29: 0.25 | GC29: A102-COG-X-BVM-ReRB | GD29: 0.5 | GE29: A103-COG-X-BVM-ReRB | GF29: 0.5 | GG29: A104-COG-X-BVM-ReRB | GH29: 0.5 | GI29: A105-COG-X-BVM-ReRB | GJ29: 0.5 | GK29: A106-COG-X-BVM-ReRB | GL29: 0.5 | GM29: A107-COG-X-BVM-ReRB | GN29: 0.5 | GO29: A108-COG-X-BVM-ReRB | GP29: 0.5 | GQ29: A109-COG-X-BVM-ReRB | GR29: 0.5

Sheet master_new
A1: =IF(master_raw!A1="","",master_raw!A1) -> A010-COG-X-BVM-Form | B1: =IF(master_raw!B1="","",master_raw!B1) -> 1 | C1: =IF(master_raw!C1="","",master_raw!C1) -> A011-COG-X-BVM-Form | D1: =IF(master_raw!D1="","",master_raw!D1) -> 1 | E1: =IF(master_raw!E1="","",master_raw!E1) -> A012-COG-X-BVM-Form | F1: =IF(master_raw!F1="","",master_raw!F1) -> 1 | G1: =IF(master_raw!G1="","",master_raw!G1) -> A013-COG-X-BVM-Form | H1: =IF(master_raw!H1="","",master_raw!H1) -> 1 | ... GR1: =IF(master_raw!GR1="","",master_raw!GR1) -> 1
A2: =IF(master_raw!A2="","",master_raw!A2) -> A010-COG-X-BVM-T1Ti | B2: =IF(master_raw!B2="","",master_raw!B2) -> 76 | C2: =IF(master_raw!C2="","",master_raw!C2) -> A011-COG-X-BVM-T1Ti | D2: =IF(master_raw!D2="","",master_raw!D2) | E2: =IF(master_raw!E2="","",master_raw!E2) -> A012-COG-X-BVM-T1Ti | F2: =IF(master_raw!F2="","",master_raw!F2) | G2: =IF(master_raw!G2="","",master_raw!G2) -> A013-COG-X-BVM-T1Ti | H2: =IF(master_raw!H2="","",master_raw!H2) -> 41 | ... GR2: =IF(master_raw!GR2="","",master_raw!GR2) -> 34
A3: =IF(master_raw!A3="","",master_raw!A3) -> A010-COG-X-BVM-T1Sc | B3: =IF(master_raw!B3="","",ROUNDDOWN(master_raw!B3,0)) -> 11 | C3: =IF(master_raw!C3="","",master_raw!C3) -> A011-COG-X-BVM-T1Sc | D3: =IF(master_raw!D3="","",ROUNDDOWN(master_raw!D3,0)) -> 10 | E3: =IF(master_raw!E3="","",master_raw!E3) -> A012-COG-X-BVM-T1Sc | F3: =IF(master_raw!F3="","",ROUNDDOWN(master_raw!F3,0)) -> 8 | G3: =IF(master_raw!G3="","",master_raw!G3) -> A013-COG-X-BVM-T1Sc | H3: =IF(master_raw!H3="","",ROUNDDOWN(master_raw!H3,0)) -> 7 | I3: =IF(master_raw!I3="","",master_raw!I3) -> A014-COG-X-BVM-T1Sc | J3: =IF(master_raw!J3="","",ROUNDDOWN(master_raw!J3,0)) -> 11 | K3: =IF(master_raw!K3="","",master_raw!K3) -> A015-COG-X-BVM-T1Sc | L3: =IF(master_raw!L3="","",ROUNDDOWN(master_raw!L3,0)) -> 7 | M3: =IF(master_raw!M3="","",master_raw!M3) -> A016-COG-X-BVM-T1Sc | N3: =IF(master_raw!N3="","",ROUNDDOWN(master_raw!N3,0)) -> 11 | O3: =IF(master_raw!O3="","",master_raw!O3) -> A017-COG-X-BVM-T1Sc | P3: =IF(master_raw!P3="","",ROUNDDOWN(master_raw!P3,0)) -> 9 | Q3: =IF(master_raw!Q3="","",master_raw!Q3) -> A018-COG-X-BVM-T1Sc | R3: =IF(master_raw!R3="","",ROUNDDOWN(master_raw!R3,0)) -> 9 | S3: =IF(master_raw!S3="","",master_raw!S3) -> A019-COG-X-BVM-T1Sc | T3: =IF(master_raw!T3="","",ROUNDDOWN(master_raw!T3,0)) -> 8 | U3: =IF(master_raw!U3="","",master_raw!U3) -> A020-COG-X-BVM-T1Sc | V3: =IF(master_raw!V3="","",ROUNDDOWN(master_raw!V3,0)) -> 8 | W3: =IF(master_raw!W3="","",master_raw!W3) -> A021-COG-X-BVM-T1Sc | X3: =IF(master_raw!X3="","",ROUNDDOWN(master_raw!X3,0)) -> 10 | Y3: =IF(master_raw!Y3="","",master_raw!Y3) -> A022-COG-X-BVM-T1Sc | Z3: =IF(master_raw!Z3="","",ROUNDDOWN(master_raw!Z3,0)) -> 6 | AA3: =IF(master_raw!AA3="","",master_raw!AA3) -> A023-COG-X-BVM-T1Sc | AB3: =IF(master_raw!AB3="","",ROUNDDOWN(master_raw!AB3,0)) -> 5 | AC3: =IF(master_raw!AC3="","",master_raw!AC3) -> A024-COG-X-BVM-T1Sc | AD3: =IF(master_raw!AD3="","",ROUNDDOWN(master_raw!AD3,0)) -> 5 | AE3: =IF(master_raw!AE3="","",master_raw!AE3) -> A025-COG-X-BVM-T1Sc | AF3: =IF(master_raw!AF3="","",ROUNDDOWN(master_raw!AF3,0)) -> 9 | AG3: =IF(master_raw!AG3="","",master_raw!AG3) -> A026-COG-X-BVM-T1Sc | AH3: =IF(master_raw!AH3="","",ROUNDDOWN(master_raw!AH3,0)) -> 9 | AI3: =IF(master_raw!AI3="","",master_raw!AI3) -> A027-COG-X-BVM-T1Sc | AJ3: =IF(master_raw!AJ3="","",ROUNDDOWN(master_raw!AJ3,0)) -> 12 | AK3: =IF(master_raw!AK3="","",master_raw!AK3) -> A028-COG-X-BVM-T1Sc | AL3: =IF(master_raw!AL3="","",ROUNDDOWN(master_raw!AL3,0)) -> 10 | AM3: =IF(master_raw!AM3="","",master_raw!AM3) -> A029-COG-X-BVM-T1Sc | AN3: =IF(master_raw!AN3="","",ROUNDDOWN(master_raw!AN3,0)) -> 11 | AO3: =IF(master_raw!AO3="","",master_raw!AO3) -> A030-COG-X-BVM-T1Sc | AP3: =IF(master_raw!AP3="","",ROUNDDOWN(master_raw!AP3,0)) -> 9 | AQ3: =IF(master_raw!AQ3="","",master_raw!AQ3) -> A031-COG-X-BVM-T1Sc | AR3: =IF(master_raw!AR3="","",ROUNDDOWN(master_raw!AR3,0)) -> 6 | AS3: =IF(master_raw!AS3="","",master_raw!AS3) -> A032-COG-X-BVM-T1Sc | AT3: =IF(master_raw!AT3="","",ROUNDDOWN(master_raw!AT3,0)) -> 7 | AU3: =IF(master_raw!AU3="","",master_raw!AU3) -> A033-COG-X-BVM-T1Sc | AV3: =IF(master_raw!AV3="","",ROUNDDOWN(master_raw!AV3,0)) -> 5 | AW3: =IF(master_raw!AW3="","",master_raw!AW3) -> A034-COG-X-BVM-T1Sc | AX3: =IF(master_raw!AX3="","",ROUNDDOWN(master_raw!AX3,0)) -> 10 | AY3: =IF(master_raw!AY3="","",master_raw!AY3) -> A035-COG-X-BVM-T1Sc | AZ3: =IF(master_raw!AZ3="","",ROUNDDOWN(master_raw!AZ3,0)) -> 10 | BA3: =IF(master_raw!BA3="","",master_raw!BA3) -> A036-COG-X-BVM-T1Sc | BB3: =IF(master_raw!BB3="","",ROUNDDOWN(master_raw!BB3,0)) -> 8 | BC3: =IF(master_raw!BC3="","",master_raw!BC3) -> A037-COG-X-BVM-T1Sc | BD3: =IF(master_raw!BD3="","",ROUNDDOWN(master_raw!BD3,0)) -> 12 | BE3: =IF(master_raw!BE3="","",master_raw!BE3) -> A038-COG-X-BVM-T1Sc | BF3: =IF(master_raw!BF3="","",ROUNDDOWN(master_raw!BF3,0)) -> 7 | BG3: =IF(master_raw!BG3="","",master_raw!BG3) -> A039-COG-X-BVM-T1Sc | BH3: =IF(master_raw!BH3="","",ROUNDDOWN(master_raw!BH3,0)) -> 8 | BI3: =IF(master_raw!BI3="","",master_raw!BI3) -> A040-COG-X-BVM-T1Sc | BJ3: =IF(master_raw!BJ3="","",ROUNDDOWN(master_raw!BJ3,0)) -> 7 | BK3: =IF(master_raw!BK3="","",master_raw!BK3) -> A041-COG-X-BVM-T1Sc | BL3: =IF(master_raw!BL3="","",ROUNDDOWN(master_raw!BL3,0)) -> 8 | BM3: =IF(master_raw!BM3="","",master_raw!BM3) -> A042-COG-X-BVM-T1Sc | BN3: =IF(master_raw!BN3="","",ROUNDDOWN(master_raw!BN3,0)) -> 5 | BO3: =IF(master_raw!BO3="","",master_raw!BO3) -> A043-COG-X-BVM-T1Sc | BP3: =IF(master_raw!BP3="","",ROUNDDOWN(master_raw!BP3,0)) -> 7 | BQ3: =IF(master_raw!BQ3="","",master_raw!BQ3) -> A044-COG-X-BVM-T1Sc | BR3: =IF(master_raw!BR3="","",ROUNDDOWN(master_raw!BR3,0)) -> 9 | BS3: =IF(master_raw!BS3="","",master_raw!BS3) -> A045-COG-X-BVM-T1Sc | BT3: =IF(master_raw!BT3="","",ROUNDDOWN(master_raw!BT3,0)) -> 7 | BU3: =IF(master_raw!BU3="","",master_raw!BU3) -> A046-COG-X-BVM-T1Sc | BV3: =IF(master_raw!BV3="","",ROUNDDOWN(master_raw!BV3,0)) -> 9 | BW3: =IF(master_raw!BW3="","",master_raw!BW3) -> A047-COG-X-BVM-T1Sc | BX3: =IF(master_raw!BX3="","",ROUNDDOWN(master_raw!BX3,0)) -> 7 | BY3: =IF(master_raw!BY3="","",master_raw!BY3) -> A048-COG-X-BVM-T1Sc | BZ3: =IF(master_raw!BZ3="","",ROUNDDOWN(master_raw!BZ3,0)) -> 9 | CA3: =IF(master_raw!CA3="","",master_raw!CA3) -> A049-COG-X-BVM-T1Sc | CB3: =IF(master_raw!CB3="","",ROUNDDOWN(master_raw!CB3,0)) -> 5 | CC3: =IF(master_raw!CC3="","",master_raw!CC3) -> A050-COG-X-BVM-T1Sc | CD3: =IF(master_raw!CD3="","",ROUNDDOWN(master_raw!CD3,0)) -> 8 | CE3: =IF(master_raw!CE3="","",master_raw!CE3) -> A051-COG-X-BVM-T1Sc | CF3: =IF(master_raw!CF3="","",ROUNDDOWN(master_raw!CF3,0)) -> 4 | CG3: =IF(master_raw!CG3="","",master_raw!CG3) -> A052-COG-X-BVM-T1Sc | CH3: =IF(master_raw!CH3="","",ROUNDDOWN(master_raw!CH3,0)) -> 8 | CI3: =IF(master_raw!CI3="","",master_raw!CI3) -> A053-COG-X-BVM-T1Sc | CJ3: =IF(master_raw!CJ3="","",ROUNDDOWN(master_raw!CJ3,0)) -> 8 | CK3: =IF(master_raw!CK3="","",master_raw!CK3) -> A054-COG-X-BVM-T1Sc | CL3: =IF(master_raw!CL3="","",ROUNDDOWN(master_raw!CL3,0)) -> 11 | CM3: =IF(master_raw!CM3="","",master_raw!CM3) -> A055-COG-X-BVM-T1Sc | CN3: =IF(master_raw!CN3="","",ROUNDDOWN(master_raw!CN3,0)) -> 5 | CO3: =IF(master_raw!CO3="","",master_raw!CO3) -> A056-COG-X-BVM-T1Sc | CP3: =IF(master_raw!CP3="","",ROUNDDOWN(master_raw!CP3,0)) -> 7 | CQ3: =IF(master_raw!CQ3="","",master_raw!CQ3) -> A057-COG-X-BVM-T1Sc | CR3: =IF(master_raw!CR3="","",ROUNDDOWN(master_raw!CR3,0)) -> 8 | CS3: =IF(master_raw!CS3="","",master_raw!CS3) -> A058-COG-X-BVM-T1Sc | CT3: =IF(master_raw!CT3="","",ROUNDDOWN(master_raw!CT3,0)) -> 6 | CU3: =IF(master_raw!CU3="","",master_raw!CU3) -> A059-COG-X-BVM-T1Sc | CV3: =IF(master_raw!CV3="","",ROUNDDOWN(master_raw!CV3,0)) -> 9 | CW3: =IF(master_raw!CW3="","",master_raw!CW3) -> A060-COG-X-BVM-T1Sc | CX3: =IF(master_raw!CX3="","",ROUNDDOWN(master_raw!CX3,0)) -> 9 | CY3: =IF(master_raw!CY3="","",master_raw!CY3) -> A061-COG-X-BVM-T1Sc | CZ3: =IF(master_raw!CZ3="","",ROUNDDOWN(master_raw!CZ3,0)) -> 4 | DA3: =IF(master_raw!DA3="","",master_raw!DA3) -> A062-COG-X-BVM-T1Sc | DB3: =IF(master_raw!DB3="","",ROUNDDOWN(master_raw!DB3,0)) -> 7 | DC3: =IF(master_raw!DC3="","",master_raw!DC3) -> A063-COG-X-BVM-T1Sc | DD3: =IF(master_raw!DD3="","",ROUNDDOWN(master_raw!DD3,0)) -> 6 | DE3: =IF(master_raw!DE3="","",master_raw!DE3) -> A064-COG-X-BVM-T1Sc | DF3: =IF(master_raw!DF3="","",ROUNDDOWN(master_raw!DF3,0)) -> 8 | DG3: =IF(master_raw!DG3="","",master_raw!DG3) -> A065-COG-X-BVM-T1Sc | DH3: =IF(master_raw!DH3="","",ROUNDDOWN(master_raw!DH3,0)) -> 5 | DI3: =IF(master_raw!DI3="","",master_raw!DI3) -> A066-COG-X-BVM-T1Sc | DJ3: =IF(master_raw!DJ3="","",ROUNDDOWN(master_raw!DJ3,0)) -> 4 | DK3: =IF(master_raw!DK3="","",master_raw!DK3) -> A067-COG-X-BVM-T1Sc | DL3: =IF(master_raw!DL3="","",ROUNDDOWN(master_raw!DL3,0)) -> 6 | DM3: =IF(master_raw!DM3="","",master_raw!DM3) -> A068-COG-X-BVM-T1Sc | DN3: =IF(master_raw!DN3="","",ROUNDDOWN(master_raw!DN3,0)) -> 8 | DO3: =IF(master_raw!DO3="","",master_raw!DO3) -> A069-COG-X-BVM-T1Sc | DP3: =IF(master_raw!DP3="","",ROUNDDOWN(master_raw!DP3,0)) -> 5 | DQ3: =IF(master_raw!DQ3="","",master_raw!DQ3) -> A070-COG-X-BVM-T1Sc | DR3: =IF(master_raw!DR3="","",ROUNDDOWN(master_raw!DR3,0)) -> 9 | DS3: =IF(master_raw!DS3="","",master_raw!DS3) -> A071-COG-X-BVM-T1Sc | DT3: =IF(master_raw!DT3="","",ROUNDDOWN(master_raw!DT3,0)) -> 7 | DU3: =IF(master_raw!DU3="","",master_raw!DU3) -> A072-COG-X-BVM-T1Sc | DV3: =IF(master_raw!DV3="","",ROUNDDOWN(master_raw!DV3,0)) -> 9 | DW3: =IF(master_raw!DW3="","",master_raw!DW3) -> A073-COG-X-BVM-T1Sc | DX3: =IF(master_raw!DX3="","",ROUNDDOWN(master_raw!DX3,0)) -> 5 | DY3: =IF(master_raw!DY3="","",master_raw!DY3) -> A074-COG-X-BVM-T1Sc | DZ3: =IF(master_raw!DZ3="","",ROUNDDOWN(master_raw!DZ3,0)) -> 8 | EA3: =IF(master_raw!EA3="","",master_raw!EA3) -> A075-COG-X-BVM-T1Sc | EB3: =IF(master_raw!EB3="","",ROUNDDOWN(master_raw!EB3,0)) -> 7 | EC3: =IF(master_raw!EC3="","",master_raw!EC3) -> A076-COG-X-BVM-T1Sc | ED3: =IF(master_raw!ED3="","",ROUNDDOWN(master_raw!ED3,0)) -> 3 | EE3: =IF(master_raw!EE3="","",master_raw!EE3) -> A077-COG-X-BVM-T1Sc | EF3: =IF(master_raw!EF3="","",ROUNDDOWN(master_raw!EF3,0)) -> 8 | EG3: =IF(master_raw!EG3="","",master_raw!EG3) -> A078-COG-X-BVM-T1Sc | EH3: =IF(master_raw!EH3="","",ROUNDDOWN(master_raw!EH3,0)) -> 4 | EI3: =IF(master_raw!EI3="","",master_raw!EI3) -> A079-COG-X-BVM-T1Sc | EJ3: =IF(master_raw!EJ3="","",ROUNDDOWN(master_raw!EJ3,0)) -> 11 | EK3: =IF(master_raw!EK3="","",master_raw!EK3) -> A080-COG-X-BVM-T1Sc | EL3: =IF(master_raw!EL3="","",ROUNDDOWN(master_raw!EL3,0)) -> 5 | EM3: =IF(master_raw!EM3="","",master_raw!EM3) -> A081-COG-X-BVM-T1Sc | EN3: =IF(master_raw!EN3="","",ROUNDDOWN(master_raw!EN3,0)) -> 8 | EO3: =IF(master_raw!EO3="","",master_raw!EO3) -> A082-COG-X-BVM-T1Sc | EP3: =IF(master_raw!EP3="","",ROUNDDOWN(master_raw!EP3,0)) -> 9 | EQ3: =IF(master_raw!EQ3="","",master_raw!EQ3) -> A083-COG-X-BVM-T1Sc | ER3: =IF(master_raw!ER3="","",ROUNDDOWN(master_raw!ER3,0)) -> 5 | ES3: =IF(master_raw!ES3="","",master_raw!ES3) -> A084-COG-X-BVM-T1Sc | ET3: =IF(master_raw!ET3="","",ROUNDDOWN(master_raw!ET3,0)) -> 6 | EU3: =IF(master_raw!EU3="","",master_raw!EU3) -> A085-COG-X-BVM-T1Sc | EV3: =IF(master_raw!EV3="","",ROUNDDOWN(master_raw!EV3,0)) -> 5 | EW3: =IF(master_raw!EW3="","",master_raw!EW3) -> A086-COG-X-BVM-T1Sc | EX3: =IF(master_raw!EX3="","",ROUNDDOWN(master_raw!EX3,0)) -> 5 | EY3: =IF(master_raw!EY3="","",master_raw!EY3) -> A087-COG-X-BVM-T1Sc | EZ3: =IF(master_raw!EZ3="","",ROUNDDOWN(master_raw!EZ3,0)) -> 9 | FA3: =IF(master_raw!FA3="","",master_raw!FA3) -> A088-COG-X-BVM-T1Sc | FB3: =IF(master_raw!FB3="","",ROUNDDOWN(master_raw!FB3,0)) -> 2 | FC3: =IF(master_raw!FC3="","",master_raw!FC3) -> A089-COG-X-BVM-T1Sc | FD3: =IF(master_raw!FD3="","",ROUNDDOWN(master_raw!FD3,0)) -> 6 | FE3: =IF(master_raw!FE3="","",master_raw!FE3) -> A090-COG-X-BVM-T1Sc | FF3: =IF(master_raw!FF3="","",ROUNDDOWN(master_raw!FF3,0)) -> 2 | FG3: =IF(master_raw!FG3="","",master_raw!FG3) -> A091-COG-X-BVM-T1Sc | FH3: =IF(master_raw!FH3="","",ROUNDDOWN(master_raw!FH3,0)) -> 5 | FI3: =IF(master_raw!FI3="","",master_raw!FI3) -> A092-COG-X-BVM-T1Sc | FJ3: =IF(master_raw!FJ3="","",ROUNDDOWN(master_raw!FJ3,0)) -> 5 | FK3: =IF(master_raw!FK3="","",master_raw!FK3) -> A093-COG-X-BVM-T1Sc | FL3: =IF(master_raw!FL3="","",ROUNDDOWN(master_raw!FL3,0)) -> 7 | FM3: =IF(master_raw!FM3="","",master_raw!FM3) -> A094-COG-X-BVM-T1Sc | FN3: =IF(master_raw!FN3="","",ROUNDDOWN(master_raw!FN3,0)) -> 4 | FO3: =IF(master_raw!FO3="","",master_raw!FO3) -> A095-COG-X-BVM-T1Sc | FP3: =IF(master_raw!FP3="","",ROUNDDOWN(master_raw!FP3,0)) -> 6 | FQ3: =IF(master_raw!FQ3="","",master_raw!FQ3) -> A096-COG-X-BVM-T1Sc | FR3: =IF(master_raw!FR3="","",ROUNDDOWN(master_raw!FR3,0)) -> 5 | FS3: =IF(master_raw!FS3="","",master_raw!FS3) -> A097-COG-X-BVM-T1Sc | FT3: =IF(master_raw!FT3="","",ROUNDDOWN(master_raw!FT3,0)) -> 5 | FU3: =IF(master_raw!FU3="","",master_raw!FU3) -> A098-COG-X-BVM-T1Sc | FV3: =IF(master_raw!FV3="","",ROUNDDOWN(master_raw!FV3,0)) -> 5 | FW3: =IF(master_raw!FW3="","",master_raw!FW3) -> A099-COG-X-BVM-T1Sc | FX3: =IF(master_raw!FX3="","",ROUNDDOWN(master_raw!FX3,0)) -> 5 | FY3: =IF(master_raw!FY3="","",master_raw!FY3) -> A100-COG-X-BVM-T1Sc | FZ3: =IF(master_raw!FZ3="","",ROUNDDOWN(master_raw!FZ3,0)) -> 2 | GA3: =IF(master_raw!GA3="","",master_raw!GA3) -> A101-COG-X-BVM-T1Sc | GB3: =IF(master_raw!GB3="","",ROUNDDOWN(master_raw!GB3,0)) -> 5 | GC3: =IF(master_raw!GC3="","",master_raw!GC3) -> A102-COG-X-BVM-T1Sc | GD3: =IF(master_raw!GD3="","",ROUNDDOWN(master_raw!GD3,0)) -> 10 | GE3: =IF(master_raw!GE3="","",master_raw!GE3) -> A103-COG-X-BVM-T1Sc | GF3: =IF(master_raw!GF3="","",ROUNDDOWN(master_raw!GF3,0)) -> 8 | GG3: =IF(master_raw!GG3="","",master_raw!GG3) -> A104-COG-X-BVM-T1Sc | GH3: =IF(master_raw!GH3="","",ROUNDDOWN(master_raw!GH3,0)) -> 4 | GI3: =IF(master_raw!GI3="","",master_raw!GI3) -> A105-COG-X-BVM-T1Sc | GJ3: =IF(master_raw!GJ3="","",ROUNDDOWN(master_raw!GJ3,0)) -> 3 | GK3: =IF(master_raw!GK3="","",master_raw!GK3) -> A106-COG-X-BVM-T1Sc | GL3: =IF(master_raw!GL3="","",ROUNDDOWN(master_raw!GL3,0)) -> 8 | GM3: =IF(master_raw!GM3="","",master_raw!GM3) -> A107-COG-X-BVM-T1Sc | GN3: =IF(master_raw!GN3="","",ROUNDDOWN(master_raw!GN3,0)) -> 3 | GO3: =IF(master_raw!GO3="","",master_raw!GO3) -> A108-COG-X-BVM-T1Sc | GP3: =IF(master_raw!GP3="","",ROUNDDOWN(master_raw!GP3,0)) -> 6 | GQ3: =IF(master_raw!GQ3="","",master_raw!GQ3) -> A109-COG-X-BVM-T1Sc | GR3: =IF(master_raw!GR3="","",ROUNDDOWN(master_raw!GR3,0)) -> 2
A4: =IF(master_raw!A4="","",master_raw!A4) -> A010-COG-X-BVM-T2Ti | B4: =IF(master_raw!B4="","",master_raw!B4) -> 70 | C4: =IF(master_raw!C4="","",master_raw!C4) -> A011-COG-X-BVM-T2Ti | D4: =IF(master_raw!D4="","",master_raw!D4) | E4: =IF(master_raw!E4="","",master_raw!E4) -> A012-COG-X-BVM-T2Ti | F4: =IF(master_raw!F4="","",master_raw!F4) | G4: =IF(master_raw!G4="","",master_raw!G4) -> A013-COG-X-BVM-T2Ti | H4: =IF(master_raw!H4="","",master_raw!H4) -> 31 | ... GR4: =IF(master_raw!GR4="","",master_raw!GR4) -> 36
A5: =IF(master_raw!A5="","",master_raw!A5) -> A010-COG-X-BVM-T2Sc | B5: =IF(master_raw!B5="","",ROUNDDOWN(master_raw!B5,0)) -> 12 | C5: =IF(master_raw!C5="","",master_raw!C5) -> A011-COG-X-BVM-T2Sc | D5: =IF(master_raw!D5="","",ROUNDDOWN(master_raw!D5,0)) -> 12 | E5: =IF(master_raw!E5="","",master_raw!E5) -> A012-COG-X-BVM-T2Sc | F5: =IF(master_raw!F5="","",ROUNDDOWN(master_raw!F5,0)) -> 11 | G5: =IF(master_raw!G5="","",master_raw!G5) -> A013-COG-X-BVM-T2Sc | H5: =IF(master_raw!H5="","",ROUNDDOWN(master_raw!H5,0)) -> 9 | I5: =IF(master_raw!I5="","",master_raw!I5) -> A014-COG-X-BVM-T2Sc | J5: =IF(master_raw!J5="","",ROUNDDOWN(master_raw!J5,0)) -> 12 | K5: =IF(master_raw!K5="","",master_raw!K5) -> A015-COG-X-BVM-T2Sc | L5: =IF(master_raw!L5="","",ROUNDDOWN(master_raw!L5,0)) -> 12 | M5: =IF(master_raw!M5="","",master_raw!M5) -> A016-COG-X-BVM-T2Sc | N5: =IF(master_raw!N5="","",ROUNDDOWN(master_raw!N5,0)) -> 11 | O5: =IF(master_raw!O5="","",master_raw!O5) -> A017-COG-X-BVM-T2Sc | P5: =IF(master_raw!P5="","",ROUNDDOWN(master_raw!P5,0)) -> 11 | Q5: =IF(master_raw!Q5="","",master_raw!Q5) -> A018-COG-X-BVM-T2Sc | R5: =IF(master_raw!R5="","",ROUNDDOWN(master_raw!R5,0)) -> 12 | S5: =IF(master_raw!S5="","",master_raw!S5) -> A019-COG-X-BVM-T2Sc | T5: =IF(master_raw!T5="","",ROUNDDOWN(master_raw!T5,0)) -> 11 | U5: =IF(master_raw!U5="","",master_raw!U5) -> A020-COG-X-BVM-T2Sc | V5: =IF(master_raw!V5="","",ROUNDDOWN(master_raw!V5,0)) -> 11 | W5: =IF(master_raw!W5="","",master_raw!W5) -> A021-COG-X-BVM-T2Sc | X5: =IF(master_raw!X5="","",ROUNDDOWN(master_raw!X5,0)) -> 11 | Y5: =IF(master_raw!Y5="","",master_raw!Y5) -> A022-COG-X-BVM-T2Sc | Z5: =IF(master_raw!Z5="","",ROUNDDOWN(master_raw!Z5,0)) -> 9 | AA5: =IF(master_raw!AA5="","",master_raw!AA5) -> A023-COG-X-BVM-T2Sc | AB5: =IF(master_raw!AB5="","",ROUNDDOWN(master_raw!AB5,0)) -> 9 | AC5: =IF(master_raw!AC5="","",master_raw!AC5) -> A024-COG-X-BVM-T2Sc | AD5: =IF(master_raw!AD5="","",ROUNDDOWN(master_raw!AD5,0)) -> 11 | AE5: =IF(master_raw!AE5="","",master_raw!AE5) -> A025-COG-X-BVM-T2Sc | AF5: =IF(master_raw!AF5="","",ROUNDDOWN(master_raw!AF5,0)) -> 12 | AG5: =IF(master_raw!AG5="","",master_raw!AG5) -> A026-COG-X-BVM-T2Sc | AH5: =IF(master_raw!AH5="","",ROUNDDOWN(master_raw!AH5,0)) -> 10 | AI5: =IF(master_raw!AI5="","",master_raw!AI5) -> A027-COG-X-BVM-T2Sc | AJ5: =IF(master_raw!AJ5="","",ROUNDDOWN(master_raw!AJ5,0)) -> 12 | AK5: =IF(master_raw!AK5="","",master_raw!AK5) -> A028-COG-X-BVM-T2Sc | AL5: =IF(master_raw!AL5="","",ROUNDDOWN(master_raw!AL5,0)) -> 12 | AM5: =IF(master_raw!AM5="","",master_raw!AM5) -> A029-COG-X-BVM-T2Sc | AN5: =IF(master_raw!AN5="","",ROUNDDOWN(master_raw!AN5,0)) -> 12 | AO5: =IF(master_raw!AO5="","",master_raw!AO5) -> A030-COG-X-BVM-T2Sc | AP5: =IF(master_raw!AP5="","",ROUNDDOWN(master_raw!AP5,0)) -> 12 | AQ5: =IF(master_raw!AQ5="","",master_raw!AQ5) -> A031-COG-X-BVM-T2Sc | AR5: =IF(master_raw!AR5="","",ROUNDDOWN(master_raw!AR5,0)) -> 12 | AS5: =IF(master_raw!AS5="","",master_raw!AS5) -> A032-COG-X-BVM-T2Sc | AT5: =IF(master_raw!AT5="","",ROUNDDOWN(master_raw!AT5,0)) -> 12 | AU5: =IF(master_raw!AU5="","",master_raw!AU5) -> A033-COG-X-BVM-T2Sc | AV5: =IF(master_raw!AV5="","",ROUNDDOWN(master_raw!AV5,0)) -> 9 | AW5: =IF(master_raw!AW5="","",master_raw!AW5) -> A034-COG-X-BVM-T2Sc | AX5: =IF(master_raw!AX5="","",ROUNDDOWN(master_raw!AX5,0)) -> 12 | AY5: =IF(master_raw!AY5="","",master_raw!AY5) -> A035-COG-X-BVM-T2Sc | AZ5: =IF(master_raw!AZ5="","",ROUNDDOWN(master_raw!AZ5,0)) -> 12 | BA5: =IF(master_raw!BA5="","",master_raw!BA5) -> A036-COG-X-BVM-T2Sc | BB5: =IF(master_raw!BB5="","",ROUNDDOWN(master_raw!BB5,0)) -> 8 | BC5: =IF(master_raw!BC5="","",master_raw!BC5) -> A037-COG-X-BVM-T2Sc | BD5: =IF(master_raw!BD5="","",ROUNDDOWN(master_raw!BD5,0)) -> 12 | BE5: =IF(master_raw!BE5="","",master_raw!BE5) -> A038-COG-X-BVM-T2Sc | BF5: =IF(master_raw!BF5="","",ROUNDDOWN(master_raw!BF5,0)) -> 9 | BG5: =IF(master_raw!BG5="","",master_raw!BG5) -> A039-COG-X-BVM-T2Sc | BH5: =IF(master_raw!BH5="","",ROUNDDOWN(master_raw!BH5,0)) -> 11 | BI5: =IF(master_raw!BI5="","",master_raw!BI5) -> A040-COG-X-BVM-T2Sc | BJ5: =IF(master_raw!BJ5="","",ROUNDDOWN(master_raw!BJ5,0)) -> 8 | BK5: =IF(master_raw!BK5="","",master_raw!BK5) -> A041-COG-X-BVM-T2Sc | BL5: =IF(master_raw!BL5="","",ROUNDDOWN(master_raw!BL5,0)) -> 12 | BM5: =IF(master_raw!BM5="","",master_raw!BM5) -> A042-COG-X-BVM-T2Sc | BN5: =IF(master_raw!BN5="","",ROUNDDOWN(master_raw!BN5,0)) -> 11 | BO5: =IF(master_raw!BO5="","",master_raw!BO5) -> A043-COG-X-BVM-T2Sc | BP5: =IF(master_raw!BP5="","",ROUNDDOWN(master_raw!BP5,0)) -> 12 | BQ5: =IF(master_raw!BQ5="","",master_raw!BQ5) -> A044-COG-X-BVM-T2Sc | BR5: =IF(master_raw!BR5="","",ROUNDDOWN(master_raw!BR5,0)) -> 10 | BS5: =IF(master_raw!BS5="","",master_raw!BS5) -> A045-COG-X-BVM-T2Sc | BT5: =IF(master_raw!BT5="","",ROUNDDOWN(master_raw!BT5,0)) -> 11 | BU5: =IF(master_raw!BU5="","",master_raw!BU5) -> A046-COG-X-BVM-T2Sc | BV5: =IF(master_raw!BV5="","",ROUNDDOWN(master_raw!BV5,0)) -> 11 | BW5: =IF(master_raw!BW5="","",master_raw!BW5) -> A047-COG-X-BVM-T2Sc | BX5: =IF(master_raw!BX5="","",ROUNDDOWN(master_raw!BX5,0)) -> 8 | BY5: =IF(master_raw!BY5="","",master_raw!BY5) -> A048-COG-X-BVM-T2Sc | BZ5: =IF(master_raw!BZ5="","",ROUNDDOWN(master_raw!BZ5,0)) -> 11 | CA5: =IF(master_raw!CA5="","",master_raw!CA5) -> A049-COG-X-BVM-T2Sc | CB5: =IF(master_raw!CB5="","",ROUNDDOWN(master_raw!CB5,0)) -> 12 | CC5: =IF(master_raw!CC5="","",master_raw!CC5) -> A050-COG-X-BVM-T2Sc | CD5: =IF(master_raw!CD5="","",ROUNDDOWN(master_raw!CD5,0)) -> 12 | CE5: =IF(master_raw!CE5="","",master_raw!CE5) -> A051-COG-X-BVM-T2Sc | CF5: =IF(master_raw!CF5="","",ROUNDDOWN(master_raw!CF5,0)) -> 7 | CG5: =IF(master_raw!CG5="","",master_raw!CG5) -> A052-COG-X-BVM-T2Sc | CH5: =IF(master_raw!CH5="","",ROUNDDOWN(master_raw!CH5,0)) -> 11 | CI5: =IF(master_raw!CI5="","",master_raw!CI5) -> A053-COG-X-BVM-T2Sc | CJ5: =IF(master_raw!CJ5="","",ROUNDDOWN(master_raw!CJ5,0)) -> 11 | CK5: =IF(master_raw!CK5="","",master_raw!CK5) -> A054-COG-X-BVM-T2Sc | CL5: =IF(master_raw!CL5="","",ROUNDDOWN(master_raw!CL5,0)) -> 12 | CM5: =IF(master_raw!CM5="","",master_raw!CM5) -> A055-COG-X-BVM-T2Sc | CN5: =IF(master_raw!CN5="","",ROUNDDOWN(master_raw!CN5,0)) -> 7 | CO5: =IF(master_raw!CO5="","",master_raw!CO5) -> A056-COG-X-BVM-T2Sc | CP5: =IF(master_raw!CP5="","",ROUNDDOWN(master_raw!CP5,0)) -> 11 | CQ5: =IF(master_raw!CQ5="","",master_raw!CQ5) -> A057-COG-X-BVM-T2Sc | CR5: =IF(master_raw!CR5="","",ROUNDDOWN(master_raw!CR5,0)) -> 12 | CS5: =IF(master_raw!CS5="","",master_raw!CS5) -> A058-COG-X-BVM-T2Sc | CT5: =IF(master_raw!CT5="","",ROUNDDOWN(master_raw!CT5,0)) -> 10 | CU5: =IF(master_raw!CU5="","",master_raw!CU5) -> A059-COG-X-BVM-T2Sc | CV5: =IF(master_raw!CV5="","",ROUNDDOWN(master_raw!CV5,0)) -> 12 | CW5: =IF(master_raw!CW5="","",master_raw!CW5) -> A060-COG-X-BVM-T2Sc | CX5: =IF(master_raw!CX5="","",ROUNDDOWN(master_raw!CX5,0)) -> 11 | CY5: =IF(master_raw!CY5="","",master_raw!CY5) -> A061-COG-X-BVM-T2Sc | CZ5: =IF(master_raw!CZ5="","",ROUNDDOWN(master_raw!CZ5,0)) -> 11 | DA5: =IF(master_raw!DA5="","",master_raw!DA5) -> A062-COG-X-BVM-T2Sc | DB5: =IF(master_raw!DB5="","",ROUNDDOWN(master_raw!DB5,0)) -> 11 | DC5: =IF(master_raw!DC5="","",master_raw!DC5) -> A063-COG-X-BVM-T2Sc | DD5: =IF(master_raw!DD5="","",ROUNDDOWN(master_raw!DD5,0)) -> 11 | DE5: =IF(master_raw!DE5="","",master_raw!DE5) -> A064-COG-X-BVM-T2Sc | DF5: =IF(master_raw!DF5="","",ROUNDDOWN(master_raw!DF5,0)) -> 12 | DG5: =IF(master_raw!DG5="","",master_raw!DG5) -> A065-COG-X-BVM-T2Sc | DH5: =IF(master_raw!DH5="","",ROUNDDOWN(master_raw!DH5,0)) -> 7 | DI5: =IF(master_raw!DI5="","",master_raw!DI5) -> A066-COG-X-BVM-T2Sc | DJ5: =IF(master_raw!DJ5="","",ROUNDDOWN(master_raw!DJ5,0)) -> 6 | DK5: =IF(master_raw!DK5="","",master_raw!DK5) -> A067-COG-X-BVM-T2Sc | DL5: =IF(master_raw!DL5="","",ROUNDDOWN(master_raw!DL5,0)) -> 7 | DM5: =IF(master_raw!DM5="","",master_raw!DM5) -> A068-COG-X-BVM-T2Sc | DN5: =IF(master_raw!DN5="","",ROUNDDOWN(master_raw!DN5,0)) -> 11 | DO5: =IF(master_raw!DO5="","",master_raw!DO5) -> A069-COG-X-BVM-T2Sc | DP5: =IF(master_raw!DP5="","",ROUNDDOWN(master_raw!DP5,0)) -> 11 | DQ5: =IF(master_raw!DQ5="","",master_raw!DQ5) -> A070-COG-X-BVM-T2Sc | DR5: =IF(master_raw!DR5="","",ROUNDDOWN(master_raw!DR5,0)) -> 11 | DS5: =IF(master_raw!DS5="","",master_raw!DS5) -> A071-COG-X-BVM-T2Sc | DT5: =IF(master_raw!DT5="","",ROUNDDOWN(master_raw!DT5,0)) -> 11 | DU5: =IF(master_raw!DU5="","",master_raw!DU5) -> A072-COG-X-BVM-T2Sc | DV5: =IF(master_raw!DV5="","",ROUNDDOWN(master_raw!DV5,0)) -> 12 | DW5: =IF(master_raw!DW5="","",master_raw!DW5) -> A073-COG-X-BVM-T2Sc | DX5: =IF(master_raw!DX5="","",ROUNDDOWN(master_raw!DX5,0)) -> 9 | DY5: =IF(master_raw!DY5="","",master_raw!DY5) -> A074-COG-X-BVM-T2Sc | DZ5: =IF(master_raw!DZ5="","",ROUNDDOWN(master_raw!DZ5,0)) -> 10 | EA5: =IF(master_raw!EA5="","",master_raw!EA5) -> A075-COG-X-BVM-T2Sc | EB5: =IF(master_raw!EB5="","",ROUNDDOWN(master_raw!EB5,0)) -> 9 | EC5: =IF(master_raw!EC5="","",master_raw!EC5) -> A076-COG-X-BVM-T2Sc | ED5: =IF(master_raw!ED5="","",ROUNDDOWN(master_raw!ED5,0)) -> 7 | EE5: =IF(master_raw!EE5="","",master_raw!EE5) -> A077-COG-X-BVM-T2Sc | EF5: =IF(master_raw!EF5="","",ROUNDDOWN(master_raw!EF5,0)) -> 12 | EG5: =IF(master_raw!EG5="","",master_raw!EG5) -> A078-COG-X-BVM-T2Sc | EH5: =IF(master_raw!EH5="","",ROUNDDOWN(master_raw!EH5,0)) -> 6 | EI5: =IF(master_raw!EI5="","",master_raw!EI5) -> A079-COG-X-BVM-T2Sc | EJ5: =IF(master_raw!EJ5="","",ROUNDDOWN(master_raw!EJ5,0)) -> 12 | EK5: =IF(master_raw!EK5="","",master_raw!EK5) -> A080-COG-X-BVM-T2Sc | EL5: =IF(master_raw!EL5="","",ROUNDDOWN(master_raw!EL5,0)) -> 11 | EM5: =IF(master_raw!EM5="","",master_raw!EM5) -> A081-COG-X-BVM-T2Sc | EN5: =IF(master_raw!EN5="","",ROUNDDOWN(master_raw!EN5,0)) -> 10 | EO5: =IF(master_raw!EO5="","",master_raw!EO5) -> A082-COG-X-BVM-T2Sc | EP5: =IF(master_raw!EP5="","",ROUNDDOWN(master_raw!EP5,0)) -> 11 | EQ5: =IF(master_raw!EQ5="","",master_raw!EQ5) -> A083-COG-X-BVM-T2Sc | ER5: =IF(master_raw!ER5="","",ROUNDDOWN(master_raw!ER5,0)) -> 9 | ES5: =IF(master_raw!ES5="","",master_raw!ES5) -> A084-COG-X-BVM-T2Sc | ET5: =IF(master_raw!ET5="","",ROUNDDOWN(master_raw!ET5,0)) -> 6 | EU5: =IF(master_raw!EU5="","",master_raw!EU5) -> A085-COG-X-BVM-T2Sc | EV5: =IF(master_raw!EV5="","",ROUNDDOWN(master_raw!EV5,0)) -> 9 | EW5: =IF(master_raw!EW5="","",master_raw!EW5) -> A086-COG-X-BVM-T2Sc | EX5: =IF(master_raw!EX5="","",ROUNDDOWN(master_raw!EX5,0)) -> 12 | EY5: =IF(master_raw!EY5="","",master_raw!EY5) -> A087-COG-X-BVM-T2Sc | EZ5: =IF(master_raw!EZ5="","",ROUNDDOWN(master_raw!EZ5,0)) -> 11 | FA5: =IF(master_raw!FA5="","",master_raw!FA5) -> A088-COG-X-BVM-T2Sc | FB5: =IF(master_raw!FB5="","",ROUNDDOWN(master_raw!FB5,0)) -> 10 | FC5: =IF(master_raw!FC5="","",master_raw!FC5) -> A089-COG-X-BVM-T2Sc | FD5: =IF(master_raw!FD5="","",ROUNDDOWN(master_raw!FD5,0)) -> 10 | FE5: =IF(master_raw!FE5="","",master_raw!FE5) -> A090-COG-X-BVM-T2Sc | FF5: =IF(master_raw!FF5="","",ROUNDDOWN(master_raw!FF5,0)) -> 10 | FG5: =IF(master_raw!FG5="","",master_raw!FG5) -> A091-COG-X-BVM-T2Sc | FH5: =IF(master_raw!FH5="","",ROUNDDOWN(master_raw!FH5,0)) -> 8 | FI5: =IF(master_raw!FI5="","",master_raw!FI5) -> A092-COG-X-BVM-T2Sc | FJ5: =IF(master_raw!FJ5="","",ROUNDDOWN(master_raw!FJ5,0)) -> 11 | FK5: =IF(master_raw!FK5="","",master_raw!FK5) -> A093-COG-X-BVM-T2Sc | FL5: =IF(master_raw!FL5="","",ROUNDDOWN(master_raw!FL5,0)) -> 11 | FM5: =IF(master_raw!FM5="","",master_raw!FM5) -> A094-COG-X-BVM-T2Sc | FN5: =IF(master_raw!FN5="","",ROUNDDOWN(master_raw!FN5,0)) -> 8 | FO5: =IF(master_raw!FO5="","",master_raw!FO5) -> A095-COG-X-BVM-T2Sc | FP5: =IF(master_raw!FP5="","",ROUNDDOWN(master_raw!FP5,0)) -> 11 | FQ5: =IF(master_raw!FQ5="","",master_raw!FQ5) -> A096-COG-X-BVM-T2Sc | FR5: =IF(master_raw!FR5="","",ROUNDDOWN(master_raw!FR5,0)) -> 9 | FS5: =IF(master_raw!FS5="","",master_raw!FS5) -> A097-COG-X-BVM-T2Sc | FT5: =IF(master_raw!FT5="","",ROUNDDOWN(master_raw!FT5,0)) -> 5 | FU5: =IF(master_raw!FU5="","",master_raw!FU5) -> A098-COG-X-BVM-T2Sc | FV5: =IF(master_raw!FV5="","",ROUNDDOWN(master_raw!FV5,0)) -> 9 | FW5: =IF(master_raw!FW5="","",master_raw!FW5) -> A099-COG-X-BVM-T2Sc | FX5: =IF(master_raw!FX5="","",ROUNDDOWN(master_raw!FX5,0)) -> 9 | FY5: =IF(master_raw!FY5="","",master_raw!FY5) -> A100-COG-X-BVM-T2Sc | FZ5: =IF(master_raw!FZ5="","",ROUNDDOWN(master_raw!FZ5,0)) -> 3 | GA5: =IF(master_raw!GA5="","",master_raw!GA5) -> A101-COG-X-BVM-T2Sc | GB5: =IF(master_raw!GB5="","",ROUNDDOWN(master_raw!GB5,0)) -> 10 | GC5: =IF(master_raw!GC5="","",master_raw!GC5) -> A102-COG-X-BVM-T2Sc | GD5: =IF(master_raw!GD5="","",ROUNDDOWN(master_raw!GD5,0)) -> 11 | GE5: =IF(master_raw!GE5="","",master_raw!GE5) -> A103-COG-X-BVM-T2Sc | GF5: =IF(master_raw!GF5="","",ROUNDDOWN(master_raw!GF5,0)) -> 7 | GG5: =IF(master_raw!GG5="","",master_raw!GG5) -> A104-COG-X-BVM-T2Sc | GH5: =IF(master_raw!GH5="","",ROUNDDOWN(master_raw!GH5,0)) -> 11 | GI5: =IF(master_raw!GI5="","",master_raw!GI5) -> A105-COG-X-BVM-T2Sc | GJ5: =IF(master_raw!GJ5="","",ROUNDDOWN(master_raw!GJ5,0)) -> 4 | GK5: =IF(master_raw!GK5="","",master_raw!GK5) -> A106-COG-X-BVM-T2Sc | GL5: =IF(master_raw!GL5="","",ROUNDDOWN(master_raw!GL5,0)) -> 11 | GM5: =IF(master_raw!GM5="","",master_raw!GM5) -> A107-COG-X-BVM-T2Sc | GN5: =IF(master_raw!GN5="","",ROUNDDOWN(master_raw!GN5,0)) -> 6 | GO5: =IF(master_raw!GO5="","",master_raw!GO5) -> A108-COG-X-BVM-T2Sc | GP5: =IF(master_raw!GP5="","",ROUNDDOWN(master_raw!GP5,0)) -> 9 | GQ5: =IF(master_raw!GQ5="","",master_raw!GQ5) -> A109-COG-X-BVM-T2Sc | GR5: =IF(master_raw!GR5="","",ROUNDDOWN(master_raw!GR5,0)) -> 3
A6: =IF(master_raw!A6="","",master_raw!A6) -> A010-COG-X-BVM-T3Ti | B6: =IF(master_raw!B6="","",master_raw!B6) -> 66 | C6: =IF(master_raw!C6="","",master_raw!C6) -> A011-COG-X-BVM-T3Ti | D6: =IF(master_raw!D6="","",master_raw!D6) | E6: =IF(master_raw!E6="","",master_raw!E6) -> A012-COG-X-BVM-T3Ti | F6: =IF(master_raw!F6="","",master_raw!F6) | G6: =IF(master_raw!G6="","",master_raw!G6) -> A013-COG-X-BVM-T3Ti | H6: =IF(master_raw!H6="","",master_raw!H6) -> 35 | ... GR6: =IF(master_raw!GR6="","",master_raw!GR6) -> 39
A7: =IF(master_raw!A7="","",master_raw!A7) -> A010-COG-X-BVM-T3Sc | B7: =IF(master_raw!B7="","",ROUNDDOWN(master_raw!B7,0)) -> 12 | C7: =IF(master_raw!C7="","",master_raw!C7) -> A011-COG-X-BVM-T3Sc | D7: =IF(master_raw!D7="","",ROUNDDOWN(master_raw!D7,0)) -> 12 | E7: =IF(master_raw!E7="","",master_raw!E7) -> A012-COG-X-BVM-T3Sc | F7: =IF(master_raw!F7="","",ROUNDDOWN(master_raw!F7,0)) -> 12 | G7: =IF(master_raw!G7="","",master_raw!G7) -> A013-COG-X-BVM-T3Sc | H7: =IF(master_raw!H7="","",ROUNDDOWN(master_raw!H7,0)) -> 11 | I7: =IF(master_raw!I7="","",master_raw!I7) -> A014-COG-X-BVM-T3Sc | J7: =IF(master_raw!J7="","",ROUNDDOWN(master_raw!J7,0)) -> 12 | K7: =IF(master_raw!K7="","",master_raw!K7) -> A015-COG-X-BVM-T3Sc | L7: =IF(master_raw!L7="","",ROUNDDOWN(master_raw!L7,0)) -> 12 | M7: =IF(master_raw!M7="","",master_raw!M7) -> A016-COG-X-BVM-T3Sc | N7: =IF(master_raw!N7="","",ROUNDDOWN(master_raw!N7,0)) -> 12 | O7: =IF(master_raw!O7="","",master_raw!O7) -> A017-COG-X-BVM-T3Sc | P7: =IF(master_raw!P7="","",ROUNDDOWN(master_raw!P7,0)) -> 12 | Q7: =IF(master_raw!Q7="","",master_raw!Q7) -> A018-COG-X-BVM-T3Sc | R7: =IF(master_raw!R7="","",ROUNDDOWN(master_raw!R7,0)) -> 12 | S7: =IF(master_raw!S7="","",master_raw!S7) -> A019-COG-X-BVM-T3Sc | T7: =IF(master_raw!T7="","",ROUNDDOWN(master_raw!T7,0)) -> 11 | U7: =IF(master_raw!U7="","",master_raw!U7) -> A020-COG-X-BVM-T3Sc | V7: =IF(master_raw!V7="","",ROUNDDOWN(master_raw!V7,0)) -> 12 | W7: =IF(master_raw!W7="","",master_raw!W7) -> A021-COG-X-BVM-T3Sc | X7: =IF(master_raw!X7="","",ROUNDDOWN(master_raw!X7,0)) -> 12 | Y7: =IF(master_raw!Y7="","",master_raw!Y7) -> A022-COG-X-BVM-T3Sc | Z7: =IF(master_raw!Z7="","",ROUNDDOWN(master_raw!Z7,0)) -> 12 | AA7: =IF(master_raw!AA7="","",master_raw!AA7) -> A023-COG-X-BVM-T3Sc | AB7: =IF(master_raw!AB7="","",ROUNDDOWN(master_raw!AB7,0)) -> 10 | AC7: =IF(master_raw!AC7="","",master_raw!AC7) -> A024-COG-X-BVM-T3Sc | AD7: =IF(master_raw!AD7="","",ROUNDDOWN(master_raw!AD7,0)) -> 12 | AE7: =IF(master_raw!AE7="","",master_raw!AE7) -> A025-COG-X-BVM-T3Sc | AF7: =IF(master_raw!AF7="","",ROUNDDOWN(master_raw!AF7,0)) -> 12 | AG7: =IF(master_raw!AG7="","",master_raw!AG7) -> A026-COG-X-BVM-T3Sc | AH7: =IF(master_raw!AH7="","",ROUNDDOWN(master_raw!AH7,0)) -> 12 | AI7: =IF(master_raw!AI7="","",master_raw!AI7) -> A027-COG-X-BVM-T3Sc | AJ7: =IF(master_raw!AJ7="","",ROUNDDOWN(master_raw!AJ7,0)) -> 12 | AK7: =IF(master_raw!AK7="","",master_raw!AK7) -> A028-COG-X-BVM-T3Sc | AL7: =IF(master_raw!AL7="","",ROUNDDOWN(master_raw!AL7,0)) -> 12 | AM7: =IF(master_raw!AM7="","",master_raw!AM7) -> A029-COG-X-BVM-T3Sc | AN7: =IF(master_raw!AN7="","",ROUNDDOWN(master_raw!AN7,0)) -> 12 | AO7: =IF(master_raw!AO7="","",master_raw!AO7) -> A030-COG-X-BVM-T3Sc | AP7: =IF(master_raw!AP7="","",ROUNDDOWN(master_raw!AP7,0)) -> 12 | AQ7: =IF(master_raw!AQ7="","",master_raw!AQ7) -> A031-COG-X-BVM-T3Sc | AR7: =IF(master_raw!AR7="","",ROUNDDOWN(master_raw!AR7,0)) -> 12 | AS7: =IF(master_raw!AS7="","",master_raw!AS7) -> A032-COG-X-BVM-T3Sc | AT7: =IF(master_raw!AT7="","",ROUNDDOWN(master_raw!AT7,0)) -> 12 | AU7: =IF(master_raw!AU7="","",master_raw!AU7) -> A033-COG-X-BVM-T3Sc | AV7: =IF(master_raw!AV7="","",ROUNDDOWN(master_raw!AV7,0)) -> 12 | AW7: =IF(master_raw!AW7="","",master_raw!AW7) -> A034-COG-X-BVM-T3Sc | AX7: =IF(master_raw!AX7="","",ROUNDDOWN(master_raw!AX7,0)) -> 12 | AY7: =IF(master_raw!AY7="","",master_raw!AY7) -> A035-COG-X-BVM-T3Sc | AZ7: =IF(master_raw!AZ7="","",ROUNDDOWN(master_raw!AZ7,0)) -> 12 | BA7: =IF(master_raw!BA7="","",master_raw!BA7) -> A036-COG-X-BVM-T3Sc | BB7: =IF(master_raw!BB7="","",ROUNDDOWN(master_raw!BB7,0)) -> 12 | BC7: =IF(master_raw!BC7="","",master_raw!BC7) -> A037-COG-X-BVM-T3Sc | BD7: =IF(master_raw!BD7="","",ROUNDDOWN(master_raw!BD7,0)) -> 12 | BE7: =IF(master_raw!BE7="","",master_raw!BE7) -> A038-COG-X-BVM-T3Sc | BF7: =IF(master_raw!BF7="","",ROUNDDOWN(master_raw!BF7,0)) -> 11 | BG7: =IF(master_raw!BG7="","",master_raw!BG7) -> A039-COG-X-BVM-T3Sc | BH7: =IF(master_raw!BH7="","",ROUNDDOWN(master_raw!BH7,0)) -> 12 | BI7: =IF(master_raw!BI7="","",master_raw!BI7) -> A040-COG-X-BVM-T3Sc | BJ7: =IF(master_raw!BJ7="","",ROUNDDOWN(master_raw!BJ7,0)) -> 9 | BK7: =IF(master_raw!BK7="","",master_raw!BK7) -> A041-COG-X-BVM-T3Sc | BL7: =IF(master_raw!BL7="","",ROUNDDOWN(master_raw!BL7,0)) -> 12 | BM7: =IF(master_raw!BM7="","",master_raw!BM7) -> A042-COG-X-BVM-T3Sc | BN7: =IF(master_raw!BN7="","",ROUNDDOWN(master_raw!BN7,0)) -> 10 | BO7: =IF(master_raw!BO7="","",master_raw!BO7) -> A043-COG-X-BVM-T3Sc | BP7: =IF(master_raw!BP7="","",ROUNDDOWN(master_raw!BP7,0)) -> 12 | BQ7: =IF(master_raw!BQ7="","",master_raw!BQ7) -> A044-COG-X-BVM-T3Sc | BR7: =IF(master_raw!BR7="","",ROUNDDOWN(master_raw!BR7,0)) -> 12 | BS7: =IF(master_raw!BS7="","",master_raw!BS7) -> A045-COG-X-BVM-T3Sc | BT7: =IF(master_raw!BT7="","",ROUNDDOWN(master_raw!BT7,0)) -> 11 | BU7: =IF(master_raw!BU7="","",master_raw!BU7) -> A046-COG-X-BVM-T3Sc | BV7: =IF(master_raw!BV7="","",ROUNDDOWN(master_raw!BV7,0)) -> 12 | BW7: =IF(master_raw!BW7="","",master_raw!BW7) -> A047-COG-X-BVM-T3Sc | BX7: =IF(master_raw!BX7="","",ROUNDDOWN(master_raw!BX7,0)) -> 7 | BY7: =IF(master_raw!BY7="","",master_raw!BY7) -> A048-COG-X-BVM-T3Sc | BZ7: =IF(master_raw!BZ7="","",ROUNDDOWN(master_raw!BZ7,0)) -> 12 | CA7: =IF(master_raw!CA7="","",master_raw!CA7) -> A049-COG-X-BVM-T3Sc | CB7: =IF(master_raw!CB7="","",ROUNDDOWN(master_raw!CB7,0)) -> 12 | CC7: =IF(master_raw!CC7="","",master_raw!CC7) -> A050-COG-X-BVM-T3Sc | CD7: =IF(master_raw!CD7="","",ROUNDDOWN(master_raw!CD7,0)) -> 12 | CE7: =IF(master_raw!CE7="","",master_raw!CE7) -> A051-COG-X-BVM-T3Sc | CF7: =IF(master_raw!CF7="","",ROUNDDOWN(master_raw!CF7,0)) -> 11 | CG7: =IF(master_raw!CG7="","",master_raw!CG7) -> A052-COG-X-BVM-T3Sc | CH7: =IF(master_raw!CH7="","",ROUNDDOWN(master_raw!CH7,0)) -> 12 | CI7: =IF(master_raw!CI7="","",master_raw!CI7) -> A053-COG-X-BVM-T3Sc | CJ7: =IF(master_raw!CJ7="","",ROUNDDOWN(master_raw!CJ7,0)) -> 11 | CK7: =IF(master_raw!CK7="","",master_raw!CK7) -> A054-COG-X-BVM-T3Sc | CL7: =IF(master_raw!CL7="","",ROUNDDOWN(master_raw!CL7,0)) -> 12 | CM7: =IF(master_raw!CM7="","",master_raw!CM7) -> A055-COG-X-BVM-T3Sc | CN7: =IF(master_raw!CN7="","",ROUNDDOWN(master_raw!CN7,0)) -> 11 | CO7: =IF(master_raw!CO7="","",master_raw!CO7) -> A056-COG-X-BVM-T3Sc | CP7: =IF(master_raw!CP7="","",ROUNDDOWN(master_raw!CP7,0)) -> 12 | CQ7: =IF(master_raw!CQ7="","",master_raw!CQ7) -> A057-COG-X-BVM-T3Sc | CR7: =IF(master_raw!CR7="","",ROUNDDOWN(master_raw!CR7,0)) -> 12 | CS7: =IF(master_raw!CS7="","",master_raw!CS7) -> A058-COG-X-BVM-T3Sc | CT7: =IF(master_raw!CT7="","",ROUNDDOWN(master_raw!CT7,0)) -> 12 | CU7: =IF(master_raw!CU7="","",master_raw!CU7) -> A059-COG-X-BVM-T3Sc | CV7: =IF(master_raw!CV7="","",ROUNDDOWN(master_raw!CV7,0)) -> 12 | CW7: =IF(master_raw!CW7="","",master_raw!CW7) -> A060-COG-X-BVM-T3Sc | CX7: =IF(master_raw!CX7="","",ROUNDDOWN(master_raw!CX7,0)) -> 11 | CY7: =IF(master_raw!CY7="","",master_raw!CY7) -> A061-COG-X-BVM-T3Sc | CZ7: =IF(master_raw!CZ7="","",ROUNDDOWN(master_raw!CZ7,0)) -> 11 | DA7: =IF(master_raw!DA7="","",master_raw!DA7) -> A062-COG-X-BVM-T3Sc | DB7: =IF(master_raw!DB7="","",ROUNDDOWN(master_raw!DB7,0)) -> 12 | DC7: =IF(master_raw!DC7="","",master_raw!DC7) -> A063-COG-X-BVM-T3Sc | DD7: =IF(master_raw!DD7="","",ROUNDDOWN(master_raw!DD7,0)) -> 11 | DE7: =IF(master_raw!DE7="","",master_raw!DE7) -> A064-COG-X-BVM-T3Sc | DF7: =IF(master_raw!DF7="","",ROUNDDOWN(master_raw!DF7,0)) -> 12 | DG7: =IF(master_raw!DG7="","",master_raw!DG7) -> A065-COG-X-BVM-T3Sc | DH7: =IF(master_raw!DH7="","",ROUNDDOWN(master_raw!DH7,0)) -> 8 | DI7: =IF(master_raw!DI7="","",master_raw!DI7) -> A066-COG-X-BVM-T3Sc | DJ7: =IF(master_raw!DJ7="","",ROUNDDOWN(master_raw!DJ7,0)) -> 10 | DK7: =IF(master_raw!DK7="","",master_raw!DK7) -> A067-COG-X-BVM-T3Sc | DL7: =IF(master_raw!DL7="","",ROUNDDOWN(master_raw!DL7,0)) -> 11 | DM7: =IF(master_raw!DM7="","",master_raw!DM7) -> A068-COG-X-BVM-T3Sc | DN7: =IF(master_raw!DN7="","",ROUNDDOWN(master_raw!DN7,0)) -> 12 | DO7: =IF(master_raw!DO7="","",master_raw!DO7) -> A069-COG-X-BVM-T3Sc | DP7: =IF(master_raw!DP7="","",ROUNDDOWN(master_raw!DP7,0)) -> 11 | DQ7: =IF(master_raw!DQ7="","",master_raw!DQ7) -> A070-COG-X-BVM-T3Sc | DR7: =IF(master_raw!DR7="","",ROUNDDOWN(master_raw!DR7,0)) -> 11 | DS7: =IF(master_raw!DS7="","",master_raw!DS7) -> A071-COG-X-BVM-T3Sc | DT7: =IF(master_raw!DT7="","",ROUNDDOWN(master_raw!DT7,0)) -> 12 | DU7: =IF(master_raw!DU7="","",master_raw!DU7) -> A072-COG-X-BVM-T3Sc | DV7: =IF(master_raw!DV7="","",ROUNDDOWN(master_raw!DV7,0)) -> 12 | DW7: =IF(master_raw!DW7="","",master_raw!DW7) -> A073-COG-X-BVM-T3Sc | DX7: =IF(master_raw!DX7="","",ROUNDDOWN(master_raw!DX7,0)) -> 11 | DY7: =IF(master_raw!DY7="","",master_raw!DY7) -> A074-COG-X-BVM-T3Sc | DZ7: =IF(master_raw!DZ7="","",ROUNDDOWN(master_raw!DZ7,0)) -> 12 | EA7: =IF(master_raw!EA7="","",master_raw!EA7) -> A075-COG-X-BVM-T3Sc | EB7: =IF(master_raw!EB7="","",ROUNDDOWN(master_raw!EB7,0)) -> 11 | EC7: =IF(master_raw!EC7="","",master_raw!EC7) -> A076-COG-X-BVM-T3Sc | ED7: =IF(master_raw!ED7="","",ROUNDDOWN(master_raw!ED7,0)) -> 9 | EE7: =IF(master_raw!EE7="","",master_raw!EE7) -> A077-COG-X-BVM-T3Sc | EF7: =IF(master_raw!EF7="","",ROUNDDOWN(master_raw!EF7,0)) -> 12 | EG7: =IF(master_raw!EG7="","",master_raw!EG7) -> A078-COG-X-BVM-T3Sc | EH7: =IF(master_raw!EH7="","",ROUNDDOWN(master_raw!EH7,0)) -> 11 | EI7: =IF(master_raw!EI7="","",master_raw!EI7) -> A079-COG-X-BVM-T3Sc | EJ7: =IF(master_raw!EJ7="","",ROUNDDOWN(master_raw!EJ7,0)) -> 11 | EK7: =IF(master_raw!EK7="","",master_raw!EK7) -> A080-COG-X-BVM-T3Sc | EL7: =IF(master_raw!EL7="","",ROUNDDOWN(master_raw!EL7,0)) -> 11 | EM7: =IF(master_raw!EM7="","",master_raw!EM7) -> A081-COG-X-BVM-T3Sc | EN7: =IF(master_raw!EN7="","",ROUNDDOWN(master_raw!EN7,0)) -> 12 | EO7: =IF(master_raw!EO7="","",master_raw!EO7) -> A082-COG-X-BVM-T3Sc | EP7: =IF(master_raw!EP7="","",ROUNDDOWN(master_raw!EP7,0)) -> 12 | EQ7: =IF(master_raw!EQ7="","",master_raw!EQ7) -> A083-COG-X-BVM-T3Sc | ER7: =IF(master_raw!ER7="","",ROUNDDOWN(master_raw!ER7,0)) -> 10 | ES7: =IF(master_raw!ES7="","",master_raw!ES7) -> A084-COG-X-BVM-T3Sc | ET7: =IF(master_raw!ET7="","",ROUNDDOWN(master_raw!ET7,0)) -> 8 | EU7: =IF(master_raw!EU7="","",master_raw!EU7) -> A085-COG-X-BVM-T3Sc | EV7: =IF(master_raw!EV7="","",ROUNDDOWN(master_raw!EV7,0)) -> 12 | EW7: =IF(master_raw!EW7="","",master_raw!EW7) -> A086-COG-X-BVM-T3Sc | EX7: =IF(master_raw!EX7="","",ROUNDDOWN(master_raw!EX7,0)) -> 11 | EY7: =IF(master_raw!EY7="","",master_raw!EY7) -> A087-COG-X-BVM-T3Sc | EZ7: =IF(master_raw!EZ7="","",ROUNDDOWN(master_raw!EZ7,0)) -> 12 | FA7: =IF(master_raw!FA7="","",master_raw!FA7) -> A088-COG-X-BVM-T3Sc | FB7: =IF(master_raw!FB7="","",ROUNDDOWN(master_raw!FB7,0)) -> 12 | FC7: =IF(master_raw!FC7="","",master_raw!FC7) -> A089-COG-X-BVM-T3Sc | FD7: =IF(master_raw!FD7="","",ROUNDDOWN(master_raw!FD7,0)) -> 12 | FE7: =IF(master_raw!FE7="","",master_raw!FE7) -> A090-COG-X-BVM-T3Sc | FF7: =IF(master_raw!FF7="","",ROUNDDOWN(master_raw!FF7,0)) -> 11 | FG7: =IF(master_raw!FG7="","",master_raw!FG7) -> A091-COG-X-BVM-T3Sc | FH7: =IF(master_raw!FH7="","",ROUNDDOWN(master_raw!FH7,0)) -> 11 | FI7: =IF(master_raw!FI7="","",master_raw!FI7) -> A092-COG-X-BVM-T3Sc | FJ7: =IF(master_raw!FJ7="","",ROUNDDOWN(master_raw!FJ7,0)) -> 11 | FK7: =IF(master_raw!FK7="","",master_raw!FK7) -> A093-COG-X-BVM-T3Sc | FL7: =IF(master_raw!FL7="","",ROUNDDOWN(master_raw!FL7,0)) -> 11 | FM7: =IF(master_raw!FM7="","",master_raw!FM7) -> A094-COG-X-BVM-T3Sc | FN7: =IF(master_raw!FN7="","",ROUNDDOWN(master_raw!FN7,0)) -> 10 | FO7: =IF(master_raw!FO7="","",master_raw!FO7) -> A095-COG-X-BVM-T3Sc | FP7: =IF(master_raw!FP7="","",ROUNDDOWN(master_raw!FP7,0)) -> 11 | FQ7: =IF(master_raw!FQ7="","",master_raw!FQ7) -> A096-COG-X-BVM-T3Sc | FR7: =IF(master_raw!FR7="","",ROUNDDOWN(master_raw!FR7,0)) -> 11 | FS7: =IF(master_raw!FS7="","",master_raw!FS7) -> A097-COG-X-BVM-T3Sc | FT7: =IF(master_raw!FT7="","",ROUNDDOWN(master_raw!FT7,0)) -> 7 | FU7: =IF(master_raw!FU7="","",master_raw!FU7) -> A098-COG-X-BVM-T3Sc | FV7: =IF(master_raw!FV7="","",ROUNDDOWN(master_raw!FV7,0)) -> 11 | FW7: =IF(master_raw!FW7="","",master_raw!FW7) -> A099-COG-X-BVM-T3Sc | FX7: =IF(master_raw!FX7="","",ROUNDDOWN(master_raw!FX7,0)) -> 11 | FY7: =IF(master_raw!FY7="","",master_raw!FY7) -> A100-COG-X-BVM-T3Sc | FZ7: =IF(master_raw!FZ7="","",ROUNDDOWN(master_raw!FZ7,0)) -> 7 | GA7: =IF(master_raw!GA7="","",master_raw!GA7) -> A101-COG-X-BVM-T3Sc | GB7: =IF(master_raw!GB7="","",ROUNDDOWN(master_raw!GB7,0)) -> 11 | GC7: =IF(master_raw!GC7="","",master_raw!GC7) -> A102-COG-X-BVM-T3Sc | GD7: =IF(master_raw!GD7="","",ROUNDDOWN(master_raw!GD7,0)) -> 12 | GE7: =IF(master_raw!GE7="","",master_raw!GE7) -> A103-COG-X-BVM-T3Sc | GF7: =IF(master_raw!GF7="","",ROUNDDOWN(master_raw!GF7,0)) -> 11 | GG7: =IF(master_raw!GG7="","",master_raw!GG7) -> A104-COG-X-BVM-T3Sc | GH7: =IF(master_raw!GH7="","",ROUNDDOWN(master_raw!GH7,0)) -> 12 | GI7: =IF(master_raw!GI7="","",master_raw!GI7) -> A105-COG-X-BVM-T3Sc | GJ7: =IF(master_raw!GJ7="","",ROUNDDOWN(master_raw!GJ7,0)) -> 8 | GK7: =IF(master_raw!GK7="","",master_raw!GK7) -> A106-COG-X-BVM-T3Sc | GL7: =IF(master_raw!GL7="","",ROUNDDOWN(master_raw!GL7,0)) -> 12 | GM7: =IF(master_raw!GM7="","",master_raw!GM7) -> A107-COG-X-BVM-T3Sc | GN7: =IF(master_raw!GN7="","",ROUNDDOWN(master_raw!GN7,0)) -> 8 | GO7: =IF(master_raw!GO7="","",master_raw!GO7) -> A108-COG-X-BVM-T3Sc | GP7: =IF(master_raw!GP7="","",ROUNDDOWN(master_raw!GP7,0)) -> 11 | GQ7: =IF(master_raw!GQ7="","",master_raw!GQ7) -> A109-COG-X-BVM-T3Sc | GR7: =IF(master_raw!GR7="","",ROUNDDOWN(master_raw!GR7,0)) -> 9
A8: =IF(master_raw!A8="","",master_raw!A8) -> A010-COG-X-BVM-TDTD | B8: =IF(master_raw!B8="","",master_raw!B8) -> 1320 | C8: =IF(master_raw!C8="","",master_raw!C8) -> A011-COG-X-BVM-TDTD | D8: =IF(master_raw!D8="","",master_raw!D8) -> 1500 | E8: =IF(master_raw!E8="","",master_raw!E8) -> A012-COG-X-BVM-TDTD | F8: =IF(master_raw!F8="","",master_raw!F8) -> 1500 | G8: =IF(master_raw!G8="","",master_raw!G8) -> A013-COG-X-BVM-TDTD | H8: =IF(master_raw!H8="","",master_raw!H8) -> 1200 | ... GR8: =IF(master_raw!GR8="","",master_raw!GR8) -> 1320
A9: =IF(master_raw!A9="","",master_raw!A9) -> A010-COG-X-BVM-TDTi | B9: =IF(master_raw!B9="","",master_raw!B9) -> 53 | C9: =IF(master_raw!C9="","",master_raw!C9) -> A011-COG-X-BVM-TDTi | D9: =IF(master_raw!D9="","",master_raw!D9) | E9: =IF(master_raw!E9="","",master_raw!E9) -> A012-COG-X-BVM-TDTi | F9: =IF(master_raw!F9="","",master_raw!F9) | G9: =IF(master_raw!G9="","",master_raw!G9) -> A013-COG-X-BVM-TDTi | H9: =IF(master_raw!H9="","",master_raw!H9) -> 16 | ... GR9: =IF(master_raw!GR9="","",master_raw!GR9) -> 63
A10: =IF(master_raw!A10="","",master_raw!A10) -> A010-COG-X-BVM-TDSc | B10: =IF(master_raw!B10="","",ROUNDDOWN(master_raw!B10,0)) -> 12 | C10: =IF(master_raw!C10="","",master_raw!C10) -> A011-COG-X-BVM-TDSc | D10: =IF(master_raw!D10="","",ROUNDDOWN(master_raw!D10,0)) -> 12 | E10: =IF(master_raw!E10="","",master_raw!E10) -> A012-COG-X-BVM-TDSc | F10: =IF(master_raw!F10="","",ROUNDDOWN(master_raw!F10,0)) -> 12 | G10: =IF(master_raw!G10="","",master_raw!G10) -> A013-COG-X-BVM-TDSc | H10: =IF(master_raw!H10="","",ROUNDDOWN(master_raw!H10,0)) -> 11 | I10: =IF(master_raw!I10="","",master_raw!I10) -> A014-COG-X-BVM-TDSc | J10: =IF(master_raw!J10="","",ROUNDDOWN(master_raw!J10,0)) -> 12 | K10: =IF(master_raw!K10="","",master_raw!K10) -> A015-COG-X-BVM-TDSc | L10: =IF(master_raw!L10="","",ROUNDDOWN(master_raw!L10,0)) -> 12 | M10: =IF(master_raw!M10="","",master_raw!M10) -> A016-COG-X-BVM-TDSc | N10: =IF(master_raw!N10="","",ROUNDDOWN(master_raw!N10,0)) -> 12 | O10: =IF(master_raw!O10="","",master_raw!O10) -> A017-COG-X-BVM-TDSc | P10: =IF(master_raw!P10="","",ROUNDDOWN(master_raw!P10,0)) -> 12 | Q10: =IF(master_raw!Q10="","",master_raw!Q10) -> A018-COG-X-BVM-TDSc | R10: =IF(master_raw!R10="","",ROUNDDOWN(master_raw!R10,0)) -> 8 | S10: =IF(master_raw!S10="","",master_raw!S10) -> A019-COG-X-BVM-TDSc | T10: =IF(master_raw!T10="","",ROUNDDOWN(master_raw!T10,0)) -> 11 | U10: =IF(master_raw!U10="","",master_raw!U10) -> A020-COG-X-BVM-TDSc | V10: =IF(master_raw!V10="","",ROUNDDOWN(master_raw!V10,0)) -> 12 | W10: =IF(master_raw!W10="","",master_raw!W10) -> A021-COG-X-BVM-TDSc | X10: =IF(master_raw!X10="","",ROUNDDOWN(master_raw!X10,0)) -> 12 | Y10: =IF(master_raw!Y10="","",master_raw!Y10) -> A022-COG-X-BVM-TDSc | Z10: =IF(master_raw!Z10="","",ROUNDDOWN(master_raw!Z10,0)) -> 12 | AA10: =IF(master_raw!AA10="","",master_raw!AA10) -> A023-COG-X-BVM-TDSc | AB10: =IF(master_raw!AB10="","",ROUNDDOWN(master_raw!AB10,0)) -> 10 | AC10: =IF(master_raw!AC10="","",master_raw!AC10) -> A024-COG-X-BVM-TDSc | AD10: =IF(master_raw!AD10="","",ROUNDDOWN(master_raw!AD10,0)) -> 11 | AE10: =IF(master_raw!AE10="","",master_raw!AE10) -> A025-COG-X-BVM-TDSc | AF10: =IF(master_raw!AF10="","",ROUNDDOWN(master_raw!AF10,0)) -> 12 | AG10: =IF(master_raw!AG10="","",master_raw!AG10) -> A026-COG-X-BVM-TDSc | AH10: =IF(master_raw!AH10="","",ROUNDDOWN(master_raw!AH10,0)) -> 12 | AI10: =IF(master_raw!AI10="","",master_raw!AI10) -> A027-COG-X-BVM-TDSc | AJ10: =IF(master_raw!AJ10="","",ROUNDDOWN(master_raw!AJ10,0)) -> 11 | AK10: =IF(master_raw!AK10="","",master_raw!AK10) -> A028-COG-X-BVM-TDSc | AL10: =IF(master_raw!AL10="","",ROUNDDOWN(master_raw!AL10,0)) -> 11 | AM10: =IF(master_raw!AM10="","",master_raw!AM10) -> A029-COG-X-BVM-TDSc | AN10: =IF(master_raw!AN10="","",ROUNDDOWN(master_raw!AN10,0)) -> 12 | AO10: =IF(master_raw!AO10="","",master_raw!AO10) -> A030-COG-X-BVM-TDSc | AP10: =IF(master_raw!AP10="","",ROUNDDOWN(master_raw!AP10,0)) -> 12 | AQ10: =IF(master_raw!AQ10="","",master_raw!AQ10) -> A031-COG-X-BVM-TDSc | AR10: =IF(master_raw!AR10="","",ROUNDDOWN(master_raw!AR10,0)) -> 12 | AS10: =IF(master_raw!AS10="","",master_raw!AS10) -> A032-COG-X-BVM-TDSc | AT10: =IF(master_raw!AT10="","",ROUNDDOWN(master_raw!AT10,0)) -> 12 | AU10: =IF(master_raw!AU10="","",master_raw!AU10) -> A033-COG-X-BVM-TDSc | AV10: =IF(master_raw!AV10="","",ROUNDDOWN(master_raw!AV10,0)) -> 12 | AW10: =IF(master_raw!AW10="","",master_raw!AW10) -> A034-COG-X-BVM-TDSc | AX10: =IF(master_raw!AX10="","",ROUNDDOWN(master_raw!AX10,0)) -> 12 | AY10: =IF(master_raw!AY10="","",master_raw!AY10) -> A035-COG-X-BVM-TDSc | AZ10: =IF(master_raw!AZ10="","",ROUNDDOWN(master_raw!AZ10,0)) -> 12 | BA10: =IF(master_raw!BA10="","",master_raw!BA10) -> A036-COG-X-BVM-TDSc | BB10: =IF(master_raw!BB10="","",ROUNDDOWN(master_raw!BB10,0)) -> 12 | BC10: =IF(master_raw!BC10="","",master_raw!BC10) -> A037-COG-X-BVM-TDSc | BD10: =IF(master_raw!BD10="","",ROUNDDOWN(master_raw!BD10,0)) -> 12 | BE10: =IF(master_raw!BE10="","",master_raw!BE10) -> A038-COG-X-BVM-TDSc | BF10: =IF(master_raw!BF10="","",ROUNDDOWN(master_raw!BF10,0)) -> 10 | BG10: =IF(master_raw!BG10="","",master_raw!BG10) -> A039-COG-X-BVM-TDSc | BH10: =IF(master_raw!BH10="","",ROUNDDOWN(master_raw!BH10,0)) -> 12 | BI10: =IF(master_raw!BI10="","",master_raw!BI10) -> A040-COG-X-BVM-TDSc | BJ10: =IF(master_raw!BJ10="","",ROUNDDOWN(master_raw!BJ10,0)) -> 9 | BK10: =IF(master_raw!BK10="","",master_raw!BK10) -> A041-COG-X-BVM-TDSc | BL10: =IF(master_raw!BL10="","",ROUNDDOWN(master_raw!BL10,0)) -> 12 | BM10: =IF(master_raw!BM10="","",master_raw!BM10) -> A042-COG-X-BVM-TDSc | BN10: =IF(master_raw!BN10="","",ROUNDDOWN(master_raw!BN10,0)) -> 12 | BO10: =IF(master_raw!BO10="","",master_raw!BO10) -> A043-COG-X-BVM-TDSc | BP10: =IF(master_raw!BP10="","",ROUNDDOWN(master_raw!BP10,0)) -> 12 | BQ10: =IF(master_raw!BQ10="","",master_raw!BQ10) -> A044-COG-X-BVM-TDSc | BR10: =IF(master_raw!BR10="","",ROUNDDOWN(master_raw!BR10,0)) -> 12 | BS10: =IF(master_raw!BS10="","",master_raw!BS10) -> A045-COG-X-BVM-TDSc | BT10: =IF(master_raw!BT10="","",ROUNDDOWN(master_raw!BT10,0)) -> 11 | BU10: =IF(master_raw!BU10="","",master_raw!BU10) -> A046-COG-X-BVM-TDSc | BV10: =IF(master_raw!BV10="","",ROUNDDOWN(master_raw!BV10,0)) -> 12 | BW10: =IF(master_raw!BW10="","",master_raw!BW10) -> A047-COG-X-BVM-TDSc | BX10: =IF(master_raw!BX10="","",ROUNDDOWN(master_raw!BX10,0)) -> 7 | BY10: =IF(master_raw!BY10="","",master_raw!BY10) -> A048-COG-X-BVM-TDSc | BZ10: =IF(master_raw!BZ10="","",ROUNDDOWN(master_raw!BZ10,0)) -> 12 | CA10: =IF(master_raw!CA10="","",master_raw!CA10) -> A049-COG-X-BVM-TDSc | CB10: =IF(master_raw!CB10="","",ROUNDDOWN(master_raw!CB10,0)) -> 12 | CC10: =IF(master_raw!CC10="","",master_raw!CC10) -> A050-COG-X-BVM-TDSc | CD10: =IF(master_raw!CD10="","",ROUNDDOWN(master_raw!CD10,0)) -> 12 | CE10: =IF(master_raw!CE10="","",master_raw!CE10) -> A051-COG-X-BVM-TDSc | CF10: =IF(master_raw!CF10="","",ROUNDDOWN(master_raw!CF10,0)) -> 11 | CG10: =IF(master_raw!CG10="","",master_raw!CG10) -> A052-COG-X-BVM-TDSc | CH10: =IF(master_raw!CH10="","",ROUNDDOWN(master_raw!CH10,0)) -> 12 | CI10: =IF(master_raw!CI10="","",master_raw!CI10) -> A053-COG-X-BVM-TDSc | CJ10: =IF(master_raw!CJ10="","",ROUNDDOWN(master_raw!CJ10,0)) -> 11 | CK10: =IF(master_raw!CK10="","",master_raw!CK10) -> A054-COG-X-BVM-TDSc | CL10: =IF(master_raw!CL10="","",ROUNDDOWN(master_raw!CL10,0)) -> 12 | CM10: =IF(master_raw!CM10="","",master_raw!CM10) -> A055-COG-X-BVM-TDSc | CN10: =IF(master_raw!CN10="","",ROUNDDOWN(master_raw!CN10,0)) -> 11 | CO10: =IF(master_raw!CO10="","",master_raw!CO10) -> A056-COG-X-BVM-TDSc | CP10: =IF(master_raw!CP10="","",ROUNDDOWN(master_raw!CP10,0)) -> 12 | CQ10: =IF(master_raw!CQ10="","",master_raw!CQ10) -> A057-COG-X-BVM-TDSc | CR10: =IF(master_raw!CR10="","",ROUNDDOWN(master_raw!CR10,0)) -> 12 | CS10: =IF(master_raw!CS10="","",master_raw!CS10) -> A058-COG-X-BVM-TDSc | CT10: =IF(master_raw!CT10="","",ROUNDDOWN(master_raw!CT10,0)) -> 12 | CU10: =IF(master_raw!CU10="","",master_raw!CU10) -> A059-COG-X-BVM-TDSc | CV10: =IF(master_raw!CV10="","",ROUNDDOWN(master_raw!CV10,0)) -> 12 | CW10: =IF(master_raw!CW10="","",master_raw!CW10) -> A060-COG-X-BVM-TDSc | CX10: =IF(master_raw!CX10="","",ROUNDDOWN(master_raw!CX10,0)) -> 11 | CY10: =IF(master_raw!CY10="","",master_raw!CY10) -> A061-COG-X-BVM-TDSc | CZ10: =IF(master_raw!CZ10="","",ROUNDDOWN(master_raw!CZ10,0)) -> 11 | DA10: =IF(master_raw!DA10="","",master_raw!DA10) -> A062-COG-X-BVM-TDSc | DB10: =IF(master_raw!DB10="","",ROUNDDOWN(master_raw!DB10,0)) -> 12 | DC10: =IF(master_raw!DC10="","",master_raw!DC10) -> A063-COG-X-BVM-TDSc | DD10: =IF(master_raw!DD10="","",ROUNDDOWN(master_raw!DD10,0)) -> 11 | DE10: =IF(master_raw!DE10="","",master_raw!DE10) -> A064-COG-X-BVM-TDSc | DF10: =IF(master_raw!DF10="","",ROUNDDOWN(master_raw!DF10,0)) -> 12 | DG10: =IF(master_raw!DG10="","",master_raw!DG10) -> A065-COG-X-BVM-TDSc | DH10: =IF(master_raw!DH10="","",ROUNDDOWN(master_raw!DH10,0)) -> 8 | DI10: =IF(master_raw!DI10="","",master_raw!DI10) -> A066-COG-X-BVM-TDSc | DJ10: =IF(master_raw!DJ10="","",ROUNDDOWN(master_raw!DJ10,0)) -> 10 | DK10: =IF(master_raw!DK10="","",master_raw!DK10) -> A067-COG-X-BVM-TDSc | DL10: =IF(master_raw!DL10="","",ROUNDDOWN(master_raw!DL10,0)) -> 11 | DM10: =IF(master_raw!DM10="","",master_raw!DM10) -> A068-COG-X-BVM-TDSc | DN10: =IF(master_raw!DN10="","",ROUNDDOWN(master_raw!DN10,0)) -> 12 | DO10: =IF(master_raw!DO10="","",master_raw!DO10) -> A069-COG-X-BVM-TDSc | DP10: =IF(master_raw!DP10="","",ROUNDDOWN(master_raw!DP10,0)) -> 11 | DQ10: =IF(master_raw!DQ10="","",master_raw!DQ10) -> A070-COG-X-BVM-TDSc | DR10: =IF(master_raw!DR10="","",ROUNDDOWN(master_raw!DR10,0)) -> 11 | DS10: =IF(master_raw!DS10="","",master_raw!DS10) -> A071-COG-X-BVM-TDSc | DT10: =IF(master_raw!DT10="","",ROUNDDOWN(master_raw!DT10,0)) -> 12 | DU10: =IF(master_raw!DU10="","",master_raw!DU10) -> A072-COG-X-BVM-TDSc | DV10: =IF(master_raw!DV10="","",ROUNDDOWN(master_raw!DV10,0)) -> 12 | DW10: =IF(master_raw!DW10="","",master_raw!DW10) -> A073-COG-X-BVM-TDSc | DX10: =IF(master_raw!DX10="","",ROUNDDOWN(master_raw!DX10,0)) -> 10 | DY10: =IF(master_raw!DY10="","",master_raw!DY10) -> A074-COG-X-BVM-TDSc | DZ10: =IF(master_raw!DZ10="","",ROUNDDOWN(master_raw!DZ10,0)) -> 12 | EA10: =IF(master_raw!EA10="","",master_raw!EA10) -> A075-COG-X-BVM-TDSc | EB10: =IF(master_raw!EB10="","",ROUNDDOWN(master_raw!EB10,0)) -> 11 | EC10: =IF(master_raw!EC10="","",master_raw!EC10) -> A076-COG-X-BVM-TDSc | ED10: =IF(master_raw!ED10="","",ROUNDDOWN(master_raw!ED10,0)) -> 7 | EE10: =IF(master_raw!EE10="","",master_raw!EE10) -> A077-COG-X-BVM-TDSc | EF10: =IF(master_raw!EF10="","",ROUNDDOWN(master_raw!EF10,0)) -> 12 | EG10: =IF(master_raw!EG10="","",master_raw!EG10) -> A078-COG-X-BVM-TDSc | EH10: =IF(master_raw!EH10="","",ROUNDDOWN(master_raw!EH10,0)) -> 11 | EI10: =IF(master_raw!EI10="","",master_raw!EI10) -> A079-COG-X-BVM-TDSc | EJ10: =IF(master_raw!EJ10="","",ROUNDDOWN(master_raw!EJ10,0)) -> 8 | EK10: =IF(master_raw!EK10="","",master_raw!EK10) -> A080-COG-X-BVM-TDSc | EL10: =IF(master_raw!EL10="","",ROUNDDOWN(master_raw!EL10,0)) -> 11 | EM10: =IF(master_raw!EM10="","",master_raw!EM10) -> A081-COG-X-BVM-TDSc | EN10: =IF(master_raw!EN10="","",ROUNDDOWN(master_raw!EN10,0)) -> 12 | EO10: =IF(master_raw!EO10="","",master_raw!EO10) -> A082-COG-X-BVM-TDSc | EP10: =IF(master_raw!EP10="","",ROUNDDOWN(master_raw!EP10,0)) -> 11 | EQ10: =IF(master_raw!EQ10="","",master_raw!EQ10) -> A083-COG-X-BVM-TDSc | ER10: =IF(master_raw!ER10="","",ROUNDDOWN(master_raw!ER10,0)) -> 10 | ES10: =IF(master_raw!ES10="","",master_raw!ES10) -> A084-COG-X-BVM-TDSc | ET10: =IF(master_raw!ET10="","",ROUNDDOWN(master_raw!ET10,0)) -> 7 | EU10: =IF(master_raw!EU10="","",master_raw!EU10) -> A085-COG-X-BVM-TDSc | EV10: =IF(master_raw!EV10="","",ROUNDDOWN(master_raw!EV10,0)) -> 12 | EW10: =IF(master_raw!EW10="","",master_raw!EW10) -> A086-COG-X-BVM-TDSc | EX10: =IF(master_raw!EX10="","",ROUNDDOWN(master_raw!EX10,0)) -> 11 | EY10: =IF(master_raw!EY10="","",master_raw!EY10) -> A087-COG-X-BVM-TDSc | EZ10: =IF(master_raw!EZ10="","",ROUNDDOWN(master_raw!EZ10,0)) -> 11 | FA10: =IF(master_raw!FA10="","",master_raw!FA10) -> A088-COG-X-BVM-TDSc | FB10: =IF(master_raw!FB10="","",ROUNDDOWN(master_raw!FB10,0)) -> 10 | FC10: =IF(master_raw!FC10="","",master_raw!FC10) -> A089-COG-X-BVM-TDSc | FD10: =IF(master_raw!FD10="","",ROUNDDOWN(master_raw!FD10,0)) -> 12 | FE10: =IF(master_raw!FE10="","",master_raw!FE10) -> A090-COG-X-BVM-TDSc | FF10: =IF(master_raw!FF10="","",ROUNDDOWN(master_raw!FF10,0)) -> 11 | FG10: =IF(master_raw!FG10="","",master_raw!FG10) -> A091-COG-X-BVM-TDSc | FH10: =IF(master_raw!FH10="","",ROUNDDOWN(master_raw!FH10,0)) -> 11 | FI10: =IF(master_raw!FI10="","",master_raw!FI10) -> A092-COG-X-BVM-TDSc | FJ10: =IF(master_raw!FJ10="","",ROUNDDOWN(master_raw!FJ10,0)) -> 11 | FK10: =IF(master_raw!FK10="","",master_raw!FK10) -> A093-COG-X-BVM-TDSc | FL10: =IF(master_raw!FL10="","",ROUNDDOWN(master_raw!FL10,0)) -> 10 | FM10: =IF(master_raw!FM10="","",master_raw!FM10) -> A094-COG-X-BVM-TDSc | FN10: =IF(master_raw!FN10="","",ROUNDDOWN(master_raw!FN10,0)) -> 10 | FO10: =IF(master_raw!FO10="","",master_raw!FO10) -> A095-COG-X-BVM-TDSc | FP10: =IF(master_raw!FP10="","",ROUNDDOWN(master_raw!FP10,0)) -> 11 | FQ10: =IF(master_raw!FQ10="","",master_raw!FQ10) -> A096-COG-X-BVM-TDSc | FR10: =IF(master_raw!FR10="","",ROUNDDOWN(master_raw!FR10,0)) -> 7 | FS10: =IF(master_raw!FS10="","",master_raw!FS10) -> A097-COG-X-BVM-TDSc | FT10: =IF(master_raw!FT10="","",ROUNDDOWN(master_raw!FT10,0)) -> 8 | FU10: =IF(master_raw!FU10="","",master_raw!FU10) -> A098-COG-X-BVM-TDSc | FV10: =IF(master_raw!FV10="","",ROUNDDOWN(master_raw!FV10,0)) -> 11 | FW10: =IF(master_raw!FW10="","",master_raw!FW10) -> A099-COG-X-BVM-TDSc | FX10: =IF(master_raw!FX10="","",ROUNDDOWN(master_raw!FX10,0)) -> 11 | FY10: =IF(master_raw!FY10="","",master_raw!FY10) -> A100-COG-X-BVM-TDSc | FZ10: =IF(master_raw!FZ10="","",ROUNDDOWN(master_raw!FZ10,0)) -> 5 | GA10: =IF(master_raw!GA10="","",master_raw!GA10) -> A101-COG-X-BVM-TDSc | GB10: =IF(master_raw!GB10="","",ROUNDDOWN(master_raw!GB10,0)) -> 8 | GC10: =IF(master_raw!GC10="","",master_raw!GC10) -> A102-COG-X-BVM-TDSc | GD10: =IF(master_raw!GD10="","",ROUNDDOWN(master_raw!GD10,0)) -> 12 | GE10: =IF(master_raw!GE10="","",master_raw!GE10) -> A103-COG-X-BVM-TDSc | GF10: =IF(master_raw!GF10="","",ROUNDDOWN(master_raw!GF10,0)) -> 10 | GG10: =IF(master_raw!GG10="","",master_raw!GG10) -> A104-COG-X-BVM-TDSc | GH10: =IF(master_raw!GH10="","",ROUNDDOWN(master_raw!GH10,0)) -> 12 | GI10: =IF(master_raw!GI10="","",master_raw!GI10) -> A105-COG-X-BVM-TDSc | GJ10: =IF(master_raw!GJ10="","",ROUNDDOWN(master_raw!GJ10,0)) -> 8 | GK10: =IF(master_raw!GK10="","",master_raw!GK10) -> A106-COG-X-BVM-TDSc | GL10: =IF(master_raw!GL10="","",ROUNDDOWN(master_raw!GL10,0)) -> 12 | GM10: =IF(master_raw!GM10="","",master_raw!GM10) -> A107-COG-X-BVM-TDSc | GN10: =IF(master_raw!GN10="","",ROUNDDOWN(master_raw!GN10,0)) -> 8 | GO10: =IF(master_raw!GO10="","",master_raw!GO10) -> A108-COG-X-BVM-TDSc | GP10: =IF(master_raw!GP10="","",ROUNDDOWN(master_raw!GP10,0)) -> 11 | GQ10: =IF(master_raw!GQ10="","",master_raw!GQ10) -> A109-COG-X-BVM-TDSc | GR10: =IF(master_raw!GR10="","",ROUNDDOWN(master_raw!GR10,0)) -> 5
A11: =IF(master_raw!A11="","",master_raw!A11) -> A010-COG-X-BVM-Re01 | B11: =IF(master_raw!B11="","",master_raw!B11) -> y | C11: =IF(master_raw!C11="","",master_raw!C11) -> A011-COG-X-BVM-Re01 | D11: =IF(master_raw!D11="","",master_raw!D11) -> y | E11: =IF(master_raw!E11="","",master_raw!E11) -> A012-COG-X-BVM-Re01 | F11: =IF(master_raw!F11="","",master_raw!F11) -> y | G11: =IF(master_raw!G11="","",master_raw!G11) -> A013-COG-X-BVM-Re01 | H11: =IF(master_raw!H11="","",master_raw!H11) -> n | ... GR11: =IF(master_raw!GR11="","",master_raw!GR11) -> y
A12: =IF(master_raw!A12="","",master_raw!A12) -> A010-COG-X-BVM-Re02 | B12: =IF(master_raw!B12="","",master_raw!B12) -> n | C12: =IF(master_raw!C12="","",master_raw!C12) -> A011-COG-X-BVM-Re02 | D12: =IF(master_raw!D12="","",master_raw!D12) -> n | E12: =IF(master_raw!E12="","",master_raw!E12) -> A012-COG-X-BVM-Re02 | F12: =IF(master_raw!F12="","",master_raw!F12) -> n | G12: =IF(master_raw!G12="","",master_raw!G12) -> A013-COG-X-BVM-Re02 | H12: =IF(master_raw!H12="","",master_raw!H12) -> n | ... GR12: =IF(master_raw!GR12="","",master_raw!GR12) -> n
A13: =IF(master_raw!A13="","",master_raw!A13) -> A010-COG-X-BVM-Re03 | B13: =IF(master_raw!B13="","",master_raw!B13) -> y | C13: =IF(master_raw!C13="","",master_raw!C13) -> A011-COG-X-BVM-Re03 | D13: =IF(master_raw!D13="","",master_raw!D13) -> y | E13: =IF(master_raw!E13="","",master_raw!E13) -> A012-COG-X-BVM-Re03 | F13: =IF(master_raw!F13="","",master_raw!F13) -> y | G13: =IF(master_raw!G13="","",master_raw!G13) -> A013-COG-X-BVM-Re03 | H13: =IF(master_raw!H13="","",master_raw!H13) -> y | ... GR13: =IF(master_raw!GR13="","",master_raw!GR13) -> y
A14: =IF(master_raw!A14="","",master_raw!A14) -> A010-COG-X-BVM-Re04 | B14: =IF(master_raw!B14="","",master_raw!B14) -> n | C14: =IF(master_raw!C14="","",master_raw!C14) -> A011-COG-X-BVM-Re04 | D14: =IF(master_raw!D14="","",master_raw!D14) -> n | E14: =IF(master_raw!E14="","",master_raw!E14) -> A012-COG-X-BVM-Re04 | F14: =IF(master_raw!F14="","",master_raw!F14) -> n | G14: =IF(master_raw!G14="","",master_raw!G14) -> A013-COG-X-BVM-Re04 | H14: =IF(master_raw!H14="","",master_raw!H14) -> n | ... GR14: =IF(master_raw!GR14="","",master_raw!GR14) -> n
A15: =IF(master_raw!A15="","",master_raw!A15) -> A010-COG-X-BVM-Re05 | B15: =IF(master_raw!B15="","",master_raw!B15) -> n | C15: =IF(master_raw!C15="","",master_raw!C15) -> A011-COG-X-BVM-Re05 | D15: =IF(master_raw!D15="","",master_raw!D15) -> n | E15: =IF(master_raw!E15="","",master_raw!E15) -> A012-COG-X-BVM-Re05 | F15: =IF(master_raw!F15="","",master_raw!F15) -> n | G15: =IF(master_raw!G15="","",master_raw!G15) -> A013-COG-X-BVM-Re05 | H15: =IF(master_raw!H15="","",master_raw!H15) -> n | ... GR15: =IF(master_raw!GR15="","",master_raw!GR15) -> n
A16: =IF(master_raw!A16="","",master_raw!A16) -> A010-COG-X-BVM-Re06 | B16: =IF(master_raw!B16="","",master_raw!B16) -> y | C16: =IF(master_raw!C16="","",master_raw!C16) -> A011-COG-X-BVM-Re06 | D16: =IF(master_raw!D16="","",master_raw!D16) -> y | E16: =IF(master_raw!E16="","",master_raw!E16) -> A012-COG-X-BVM-Re06 | F16: =IF(master_raw!F16="","",master_raw!F16) -> y | G16: =IF(master_raw!G16="","",master_raw!G16) -> A013-COG-X-BVM-Re06 | H16: =IF(master_raw!H16="","",master_raw!H16) -> y | ... GR16: =IF(master_raw!GR16="","",master_raw!GR16) -> y
A17: =IF(master_raw!A17="","",master_raw!A17) -> A010-COG-X-BVM-Re07 | B17: =IF(master_raw!B17="","",master_raw!B17) -> y | C17: =IF(master_raw!C17="","",master_raw!C17) -> A011-COG-X-BVM-Re07 | D17: =IF(master_raw!D17="","",master_raw!D17) -> y | E17: =IF(master_raw!E17="","",master_raw!E17) -> A012-COG-X-BVM-Re07 | F17: =IF(master_raw!F17="","",master_raw!F17) -> y | G17: =IF(master_raw!G17="","",master_raw!G17) -> A013-COG-X-BVM-Re07 | H17: =IF(master_raw!H17="","",master_raw!H17) -> y | ... GR17: =IF(master_raw!GR17="","",master_raw!GR17) -> y
A18: =IF(master_raw!A18="","",master_raw!A18) -> A010-COG-X-BVM-Re08 | B18: =IF(master_raw!B18="","",master_raw!B18) -> n | C18: =IF(master_raw!C18="","",master_raw!C18) -> A011-COG-X-BVM-Re08 | D18: =IF(master_raw!D18="","",master_raw!D18) -> n | E18: =IF(master_raw!E18="","",master_raw!E18) -> A012-COG-X-BVM-Re08 | F18: =IF(master_raw!F18="","",master_raw!F18) -> n | G18: =IF(master_raw!G18="","",master_raw!G18) -> A013-COG-X-BVM-Re08 | H18: =IF(master_raw!H18="","",master_raw!H18) -> n | ... GR18: =IF(master_raw!GR18="","",master_raw!GR18) -> n
A19: =IF(master_raw!A19="","",master_raw!A19) -> A010-COG-X-BVM-Re09 | B19: =IF(master_raw!B19="","",master_raw!B19) -> y | C19: =IF(master_raw!C19="","",master_raw!C19) -> A011-COG-X-BVM-Re09 | D19: =IF(master_raw!D19="","",master_raw!D19) -> y | E19: =IF(master_raw!E19="","",master_raw!E19) -> A012-COG-X-BVM-Re09 | F19: =IF(master_raw!F19="","",master_raw!F19) -> y | G19: =IF(master_raw!G19="","",master_raw!G19) -> A013-COG-X-BVM-Re09 | H19: =IF(master_raw!H19="","",master_raw!H19) -> y | ... GR19: =IF(master_raw!GR19="","",master_raw!GR19) -> y
